INFO  2026-08-19 00:02:42.385 #13368 [-main][*][o.noear.solon.Solon]: 
App: Start loading
ERROR 2026-08-19 00:02:42.676 #13368 [-main][*][o.noear.solon.Solon]: 
Solon start failed: Missing plugin.system.datasource.url
java.lang.IllegalStateException: Missing plugin.system.datasource.url
	at yh.hotplugin.system.integration.SecureSystemSolonPlugin.start(SecureSystemSolonPlugin.java:6)
	at org.noear.solon.core.PluginEntity.start(PluginEntity.java:118)
	at org.noear.solon.hotplug.PluginPackage.start(PluginPackage.java:131)
	at org.noear.solon.hotplug.PluginManager.start(PluginManager.java:133)
	at yh.hotplugin.infrastructure.SolonPluginRuntime.start(SolonPluginRuntime.java:23)
	at yh.hotplugin.application.PluginApplicationService.start(PluginApplicationService.java:62)
	at yh.hotplugin.main.HotPluginApp.lambda$null$2(HotPluginApp.java:36)
	at java.base/java.util.Optional.ifPresent(Optional.java:178)
	at yh.hotplugin.main.HotPluginApp.lambda$main$3(HotPluginApp.java:36)
	at org.noear.solon.SolonApp.init(SolonApp.java:300)
	at org.noear.solon.SolonApp.startDo(SolonApp.java:217)
	at org.noear.solon.Solon.start(Solon.java:219)
	at org.noear.solon.Solon.start(Solon.java:166)
	at yh.hotplugin.main.HotPluginApp.main(HotPluginApp.java:23)
INFO  2026-08-19 00:02:42.680 #13368 [-main][*][o.noear.solon.Solon]: 
App: Stopped
INFO  2026-08-19 00:06:20.698 #29156 [-yh.hotplugin.main.HotPluginApp.main()][*][o.noear.solon.Solon]: 
App: Start loading
INFO  2026-08-19 00:06:21.386 #29156 [-yh.hotplugin.main.HotPluginApp.main()][*][c.z.h.HikariDataSource]: 
permission-plugin - Starting...
INFO  2026-08-19 00:06:21.814 #29156 [-yh.hotplugin.main.HotPluginApp.main()][*][c.z.h.HikariDataSource]: 
permission-plugin - Start completed.
ERROR 2026-08-19 00:06:22.371 #29156 [-yh.hotplugin.main.HotPluginApp.main()][*][o.noear.solon.Solon]: 
Solon start failed: Config verification failed: {plugin.system.datasource.password=${YHAMIN_DB_PASSWORD}, plugin.system.datasource.url=${YHAMIN_DB_URL}, plugin.system.datasource.username=${YHAMIN_DB_USERNAME}, plugin.system.redis.enabled=${YHAMIN_REDIS_ENABLED}, plugin.system.redis.host=${YHAMIN_REDIS_HOST}, plugin.system.redis.password=${YHAMIN_REDIS_PASSWORD}, plugin.system.redis.port=${YHAMIN_REDIS_PORT}}
java.lang.IllegalStateException: Config verification failed: {plugin.system.datasource.password=${YHAMIN_DB_PASSWORD}, plugin.system.datasource.url=${YHAMIN_DB_URL}, plugin.system.datasource.username=${YHAMIN_DB_USERNAME}, plugin.system.redis.enabled=${YHAMIN_REDIS_ENABLED}, plugin.system.redis.host=${YHAMIN_REDIS_HOST}, plugin.system.redis.password=${YHAMIN_REDIS_PASSWORD}, plugin.system.redis.port=${YHAMIN_REDIS_PORT}}
	at org.noear.solon.core.Props.reviseDo(Props.java:786)
	at org.noear.solon.core.Props.complete(Props.java:761)
	at org.noear.solon.SolonApp.run(SolonApp.java:336)
	at org.noear.solon.SolonApp.startDo(SolonApp.java:223)
	at org.noear.solon.Solon.start(Solon.java:219)
	at org.noear.solon.Solon.start(Solon.java:166)
	at yh.hotplugin.main.HotPluginApp.main(HotPluginApp.java:28)
	at sun.reflect.NativeMethodAccessorImpl.invoke0(Native Method)
	at sun.reflect.NativeMethodAccessorImpl.invoke(NativeMethodAccessorImpl.java:62)
	at sun.reflect.DelegatingMethodAccessorImpl.invoke(DelegatingMethodAccessorImpl.java:43)
	at java.lang.reflect.Method.invoke(Method.java:498)
	at org.codehaus.mojo.exec.AbstractExecJavaBase.executeMainMethod(AbstractExecJavaBase.java:402)
	at org.codehaus.mojo.exec.AbstractExecJavaBase.doExecClassLoader(AbstractExecJavaBase.java:377)
	at org.codehaus.mojo.exec.AbstractExecJavaBase.lambda$execute$0(AbstractExecJavaBase.java:287)
	at java.lang.Thread.run(Thread.java:748)
INFO  2026-08-19 00:06:22.376 #29156 [-yh.hotplugin.main.HotPluginApp.main()][*][o.noear.solon.Solon]: 
App: Stopped
INFO  2026-08-19 00:07:23.335 #30404 [-yh.hotplugin.main.HotPluginApp.main()][*][o.noear.solon.Solon]: 
App: Start loading
INFO  2026-08-19 00:07:23.540 #30404 [-yh.hotplugin.main.HotPluginApp.main()][*][c.z.h.HikariDataSource]: 
permission-plugin - Starting...
INFO  2026-08-19 00:07:23.722 #30404 [-yh.hotplugin.main.HotPluginApp.main()][*][c.z.h.HikariDataSource]: 
permission-plugin - Start completed.
INFO  2026-08-19 00:07:24.528 #30404 [-yh.hotplugin.main.HotPluginApp.main()][*][o.n.s.s.s.i.SmHttpPlugin]: 
solon.connector:main: smarthttp: Started ServerConnector@{HTTP/1.1,[http/1.1]}{http://localhost:18080}
INFO  2026-08-19 00:07:24.528 #30404 [-yh.hotplugin.main.HotPluginApp.main()][*][o.n.s.s.s.i.SmHttpPlugin]: 
Server:main: smarthttp: Started (smart http 2.5/4.0.6) @527ms
INFO  2026-08-19 00:07:24.528 #30404 [-yh.hotplugin.main.HotPluginApp.main()][*][o.noear.solon.Solon]: 
App: End loading elapsed=1361ms pid=30404 v=4.0.6
INFO  2026-08-19 00:08:38.330 #9820 [-main][*][o.noear.solon.Solon]: 
App: Start loading
INFO  2026-08-19 00:08:38.558 #9820 [-main][*][c.z.h.HikariDataSource]: 
permission-plugin - Starting...
INFO  2026-08-19 00:08:38.808 #9820 [-main][*][c.z.h.HikariDataSource]: 
permission-plugin - Start completed.
INFO  2026-08-19 00:08:39.346 #9820 [-main][*][o.n.s.s.s.i.SmHttpPlugin]: 
solon.connector:main: smarthttp: Started ServerConnector@{HTTP/1.1,[http/1.1]}{http://localhost:8080}
INFO  2026-08-19 00:08:39.346 #9820 [-main][*][o.n.s.s.s.i.SmHttpPlugin]: 
Server:main: smarthttp: Started (smart http 2.5/4.0.6) @160ms
INFO  2026-08-19 00:08:39.347 #9820 [-main][*][o.noear.solon.Solon]: 
App: End loading elapsed=1219ms pid=9820 v=4.0.6
INFO  2026-08-19 00:09:29.130 #9820 [-Thread-0][*][o.n.s.s.s.i.SmHttpPlugin]: 
Server:main: smarthttp: Has Stopped (smart http 2.5/4.0.6)
INFO  2026-08-19 00:09:29.132 #9820 [-Thread-0][*][o.noear.solon.Solon]: 
App: Stopped
INFO  2026-08-19 00:09:31.250 #7900 [-main][*][o.noear.solon.Solon]: 
App: Start loading
INFO  2026-08-19 00:09:31.478 #7900 [-main][*][c.z.h.HikariDataSource]: 
permission-plugin - Starting...
INFO  2026-08-19 00:09:31.736 #7900 [-main][*][c.z.h.HikariDataSource]: 
permission-plugin - Start completed.
INFO  2026-08-19 00:09:32.315 #7900 [-main][*][o.n.s.s.s.i.SmHttpPlugin]: 
solon.connector:main: smarthttp: Started ServerConnector@{HTTP/1.1,[http/1.1]}{http://localhost:8080}
INFO  2026-08-19 00:09:32.315 #7900 [-main][*][o.n.s.s.s.i.SmHttpPlugin]: 
Server:main: smarthttp: Started (smart http 2.5/4.0.6) @267ms
INFO  2026-08-19 00:09:32.315 #7900 [-main][*][o.noear.solon.Solon]: 
App: End loading elapsed=1261ms pid=7900 v=4.0.6
INFO  2026-08-19 00:09:38.080 #7900 [-Thread-0][*][o.n.s.s.s.i.SmHttpPlugin]: 
Server:main: smarthttp: Has Stopped (smart http 2.5/4.0.6)
INFO  2026-08-19 00:09:38.083 #7900 [-Thread-0][*][o.noear.solon.Solon]: 
App: Stopped
INFO  2026-08-19 00:09:40.171 #5392 [-main][*][o.noear.solon.Solon]: 
App: Start loading
INFO  2026-08-19 00:09:40.377 #5392 [-main][*][c.z.h.HikariDataSource]: 
permission-plugin - Starting...
INFO  2026-08-19 00:09:40.582 #5392 [-main][*][c.z.h.HikariDataSource]: 
permission-plugin - Start completed.
INFO  2026-08-19 00:09:41.037 #5392 [-main][*][o.n.s.s.s.i.SmHttpPlugin]: 
solon.connector:main: smarthttp: Started ServerConnector@{HTTP/1.1,[http/1.1]}{http://localhost:8080}
INFO  2026-08-19 00:09:41.038 #5392 [-main][*][o.n.s.s.s.i.SmHttpPlugin]: 
Server:main: smarthttp: Started (smart http 2.5/4.0.6) @142ms
INFO  2026-08-19 00:09:41.040 #5392 [-main][*][o.noear.solon.Solon]: 
App: End loading elapsed=1065ms pid=5392 v=4.0.6
INFO  2026-08-19 00:26:28.103 #5392 [-Thread-0][*][o.n.s.s.s.i.SmHttpPlugin]: 
Server:main: smarthttp: Has Stopped (smart http 2.5/4.0.6)
INFO  2026-08-19 00:26:28.108 #5392 [-Thread-0][*][o.noear.solon.Solon]: 
App: Stopped
INFO  2026-08-19 00:26:30.148 #18828 [-main][*][o.noear.solon.Solon]: 
App: Start loading
INFO  2026-08-19 00:26:30.395 #18828 [-main][*][c.z.h.HikariDataSource]: 
permission-plugin - Starting...
INFO  2026-08-19 00:26:30.630 #18828 [-main][*][c.z.h.HikariDataSource]: 
permission-plugin - Start completed.
INFO  2026-08-19 00:26:31.119 #18828 [-main][*][o.n.s.s.s.i.SmHttpPlugin]: 
solon.connector:main: smarthttp: Started ServerConnector@{HTTP/1.1,[http/1.1]}{http://localhost:8080}
INFO  2026-08-19 00:26:31.120 #18828 [-main][*][o.n.s.s.s.i.SmHttpPlugin]: 
Server:main: smarthttp: Started (smart http 2.5/4.0.6) @155ms
INFO  2026-08-19 00:26:31.120 #18828 [-main][*][o.noear.solon.Solon]: 
App: End loading elapsed=1167ms pid=18828 v=4.0.6
INFO  2026-08-19 00:28:22.483 #22040 [-main][*][o.noear.solon.Solon]: 
App: Start loading
INFO  2026-08-19 00:28:22.817 #22040 [-main][*][c.z.h.HikariDataSource]: 
permission-plugin - Starting...
INFO  2026-08-19 00:28:23.026 #22040 [-main][*][c.z.h.HikariDataSource]: 
permission-plugin - Start completed.
INFO  2026-08-19 00:28:23.540 #22040 [-main][*][o.n.s.s.s.i.SmHttpPlugin]: 
solon.connector:main: smarthttp: Started ServerConnector@{HTTP/1.1,[http/1.1]}{http://localhost:18080}
INFO  2026-08-19 00:28:23.540 #22040 [-main][*][o.n.s.s.s.i.SmHttpPlugin]: 
Server:main: smarthttp: Started (smart http 2.5/4.0.6) @142ms
INFO  2026-08-19 00:28:23.540 #22040 [-main][*][o.noear.solon.Solon]: 
App: End loading elapsed=1392ms pid=22040 v=4.0.6
INFO  2026-08-19 00:37:22.496 #28168 [-main][*][o.noear.solon.Solon]: 
App: Start loading
INFO  2026-08-19 00:37:22.779 #28168 [-main][*][c.z.h.HikariDataSource]: 
permission-plugin - Starting...
INFO  2026-08-19 00:37:23.014 #28168 [-main][*][c.z.h.HikariDataSource]: 
permission-plugin - Start completed.
INFO  2026-08-19 00:37:23.618 #28168 [-main][*][o.n.s.s.s.i.SmHttpPlugin]: 
solon.connector:main: smarthttp: Started ServerConnector@{HTTP/1.1,[http/1.1]}{http://localhost:18080}
INFO  2026-08-19 00:37:23.618 #28168 [-main][*][o.n.s.s.s.i.SmHttpPlugin]: 
Server:main: smarthttp: Started (smart http 2.5/4.0.6) @150ms
INFO  2026-08-19 00:37:23.618 #28168 [-main][*][o.noear.solon.Solon]: 
App: End loading elapsed=1414ms pid=28168 v=4.0.6
INFO  2026-08-19 00:39:46.343 #18828 [-Thread-0][*][o.n.s.s.s.i.SmHttpPlugin]: 
Server:main: smarthttp: Has Stopped (smart http 2.5/4.0.6)
INFO  2026-08-19 00:39:46.346 #18828 [-Thread-0][*][o.noear.solon.Solon]: 
App: Stopped
INFO  2026-08-19 00:39:49.391 #23852 [-main][*][o.noear.solon.Solon]: 
App: Start loading
INFO  2026-08-19 00:39:49.596 #23852 [-main][*][c.z.h.HikariDataSource]: 
permission-plugin - Starting...
INFO  2026-08-19 00:39:49.798 #23852 [-main][*][c.z.h.HikariDataSource]: 
permission-plugin - Start completed.
INFO  2026-08-19 00:39:50.282 #23852 [-main][*][o.n.s.s.s.i.SmHttpPlugin]: 
solon.connector:main: smarthttp: Started ServerConnector@{HTTP/1.1,[http/1.1]}{http://localhost:8080}
INFO  2026-08-19 00:39:50.283 #23852 [-main][*][o.n.s.s.s.i.SmHttpPlugin]: 
Server:main: smarthttp: Started (smart http 2.5/4.0.6) @144ms
INFO  2026-08-19 00:39:50.283 #23852 [-main][*][o.noear.solon.Solon]: 
App: End loading elapsed=1070ms pid=23852 v=4.0.6
INFO  2026-08-19 00:41:01.294 #23852 [-smarthttp-9][*][c.z.h.HikariDataSource]: 
permission-plugin - Shutdown initiated...
INFO  2026-08-19 00:41:01.308 #23852 [-smarthttp-9][*][c.z.h.HikariDataSource]: 
permission-plugin - Shutdown completed.
INFO  2026-08-19 00:44:02.984 #23852 [-Thread-0][*][o.n.s.s.s.i.SmHttpPlugin]: 
Server:main: smarthttp: Has Stopped (smart http 2.5/4.0.6)
INFO  2026-08-19 00:44:02.987 #23852 [-Thread-0][*][o.noear.solon.Solon]: 
App: Stopped
INFO  2026-08-19 00:44:05.464 #29956 [-main][*][o.noear.solon.Solon]: 
App: Start loading
INFO  2026-08-19 00:44:05.748 #29956 [-main][*][c.z.h.HikariDataSource]: 
permission-plugin - Starting...
INFO  2026-08-19 00:44:05.964 #29956 [-main][*][c.z.h.HikariDataSource]: 
permission-plugin - Start completed.
INFO  2026-08-19 00:44:06.398 #29956 [-main][*][o.n.s.s.s.i.SmHttpPlugin]: 
solon.connector:main: smarthttp: Started ServerConnector@{HTTP/1.1,[http/1.1]}{http://localhost:8080}
INFO  2026-08-19 00:44:06.398 #29956 [-main][*][o.n.s.s.s.i.SmHttpPlugin]: 
Server:main: smarthttp: Started (smart http 2.5/4.0.6) @159ms
INFO  2026-08-19 00:44:06.398 #29956 [-main][*][o.noear.solon.Solon]: 
App: End loading elapsed=1121ms pid=29956 v=4.0.6
INFO  2026-08-19 00:44:20.580 #29956 [-smarthttp-5][*][c.z.h.HikariDataSource]: 
permission-plugin - Shutdown initiated...
INFO  2026-08-19 00:44:20.587 #29956 [-smarthttp-5][*][c.z.h.HikariDataSource]: 
permission-plugin - Shutdown completed.
INFO  2026-08-19 00:46:08.318 #29956 [-Thread-0][*][o.n.s.s.s.i.SmHttpPlugin]: 
Server:main: smarthttp: Has Stopped (smart http 2.5/4.0.6)
INFO  2026-08-19 00:46:08.321 #29956 [-Thread-0][*][o.noear.solon.Solon]: 
App: Stopped
INFO  2026-08-19 00:46:09.417 #19656 [-main][*][o.noear.solon.Solon]: 
App: Start loading
INFO  2026-08-19 00:46:09.649 #19656 [-main][*][c.z.h.HikariDataSource]: 
permission-plugin - Starting...
INFO  2026-08-19 00:46:09.826 #19656 [-main][*][c.z.h.HikariDataSource]: 
permission-plugin - Start completed.
INFO  2026-08-19 00:46:10.184 #19656 [-main][*][o.n.s.s.s.i.SmHttpPlugin]: 
solon.connector:main: smarthttp: Started ServerConnector@{HTTP/1.1,[http/1.1]}{http://localhost:8080}
INFO  2026-08-19 00:46:10.184 #19656 [-main][*][o.n.s.s.s.i.SmHttpPlugin]: 
Server:main: smarthttp: Started (smart http 2.5/4.0.6) @129ms
INFO  2026-08-19 00:46:10.185 #19656 [-main][*][o.noear.solon.Solon]: 
App: End loading elapsed=924ms pid=19656 v=4.0.6
INFO  2026-08-19 00:48:51.072 #19656 [-Thread-0][*][o.n.s.s.s.i.SmHttpPlugin]: 
Server:main: smarthttp: Has Stopped (smart http 2.5/4.0.6)
INFO  2026-08-19 00:48:51.077 #19656 [-Thread-0][*][o.noear.solon.Solon]: 
App: Stopped
INFO  2026-08-19 10:46:44.082 #39752 [-main][*][o.noear.solon.Solon]: 
App: Start loading
INFO  2026-08-19 10:46:44.370 #39752 [-main][*][c.z.h.HikariDataSource]: 
permission-plugin - Starting...
INFO  2026-08-19 10:46:44.557 #39752 [-main][*][c.z.h.HikariDataSource]: 
permission-plugin - Start completed.
INFO  2026-08-19 10:46:45.073 #39752 [-main][*][o.n.s.s.s.i.SmHttpPlugin]: 
solon.connector:main: smarthttp: Started ServerConnector@{HTTP/1.1,[http/1.1]}{http://localhost:18080}
INFO  2026-08-19 10:46:45.073 #39752 [-main][*][o.n.s.s.s.i.SmHttpPlugin]: 
Server:main: smarthttp: Started (smart http 2.5/4.0.6) @160ms
INFO  2026-08-19 10:46:45.074 #39752 [-main][*][o.noear.solon.Solon]: 
App: End loading elapsed=1300ms pid=39752 v=4.0.6
INFO  2026-08-19 10:47:36.283 #39752 [-smarthttp-11][*][c.z.h.HikariDataSource]: 
permission-plugin - Shutdown initiated...
INFO  2026-08-19 10:47:36.293 #39752 [-smarthttp-11][*][c.z.h.HikariDataSource]: 
permission-plugin - Shutdown completed.
INFO  2026-08-19 10:47:36.348 #39752 [-smarthttp-13][*][c.z.h.HikariDataSource]: 
permission-plugin - Starting...
INFO  2026-08-19 10:47:36.354 #39752 [-smarthttp-13][*][c.z.h.HikariDataSource]: 
permission-plugin - Start completed.
INFO  2026-08-19 10:48:07.195 #39752 [-smarthttp-16][*][c.z.h.HikariDataSource]: 
permission-plugin - Shutdown initiated...
INFO  2026-08-19 10:48:07.197 #39752 [-smarthttp-16][*][c.z.h.HikariDataSource]: 
permission-plugin - Shutdown completed.
INFO  2026-08-19 10:48:07.205 #39752 [-smarthttp-16][*][c.z.h.HikariDataSource]: 
permission-plugin - Starting...
INFO  2026-08-19 10:48:07.210 #39752 [-smarthttp-16][*][c.z.h.HikariDataSource]: 
permission-plugin - Start completed.
WARN  2026-08-19 10:49:14.470 #39752 [-smarthttp-16][*][o.n.solon.SolonApp]: 
SolonApp tryHandle failed!
java.lang.NullPointerException: Cannot invoke "String.split(String)" because "value" is null
	at yh.hotplugin.system.integration.CrudHttpApi.parseIds(CrudHttpApi.java:31)
	at yh.hotplugin.system.integration.CrudHttpApi.delete(CrudHttpApi.java:24)
	at yh.hotplugin.system.integration.CrudHttpApi.lambda$null$8(CrudHttpApi.java:18)
	at yh.hotplugin.system.integration.CrudHttpApi.guard(CrudHttpApi.java:29)
	at yh.hotplugin.system.integration.CrudHttpApi.lambda$register$9(CrudHttpApi.java:18)
	at org.noear.solon.core.route.RouterHandler.handleMain(RouterHandler.java:51)
	at org.noear.solon.core.route.RouterHandler.handle1(RouterHandler.java:71)
	at org.noear.solon.core.route.RouterInterceptorChainImpl.doIntercept(RouterInterceptorChainImpl.java:54)
	at org.noear.solon.core.ChainManager.doRouterIntercept(ChainManager.java:226)
	at org.noear.solon.core.route.RouterHandler.handle(RouterHandler.java:103)
	at org.noear.solon.core.handle.HandlerPipeline.handle(HandlerPipeline.java:53)
	at org.noear.solon.core.handle.FilterChainImpl.doFilter(FilterChainImpl.java:51)
	at yh.hotplugin.security.HostSecurityFilter.doFilter(HostSecurityFilter.java:7)
	at org.noear.solon.core.handle.FilterChainImpl.doFilter(FilterChainImpl.java:49)
	at org.noear.solon.logging.integration.MdcClearFilter.doFilter(MdcClearFilter.java:33)
	at org.noear.solon.core.handle.FilterChainImpl.doFilter(FilterChainImpl.java:49)
	at org.noear.solon.core.ChainManager.doFilter(ChainManager.java:119)
	at org.noear.solon.SolonApp.lambda$tryHandle$6(SolonApp.java:580)
	at org.noear.solon.util.ScopeLocalJdk8.with(ScopeLocalJdk8.java:58)
	at org.noear.solon.core.handle.Context.currentWith(Context.java:66)
	at org.noear.solon.SolonApp.tryHandle(SolonApp.java:575)
	at org.noear.solon.server.smarthttp.http.SmHttpContextHandler.handleDo(SmHttpContextHandler.java:123)
	at org.noear.solon.server.smarthttp.http.SmHttpContextHandler.handle0(SmHttpContextHandler.java:101)
	at org.noear.solon.server.smarthttp.http.SmHttpContextHandler.lambda$handle$0(SmHttpContextHandler.java:86)
	at java.base/java.util.concurrent.ThreadPoolExecutor.runWorker(ThreadPoolExecutor.java:1136)
	at java.base/java.util.concurrent.ThreadPoolExecutor$Worker.run(ThreadPoolExecutor.java:635)
	at java.base/java.lang.Thread.run(Thread.java:833)
WARN  2026-08-19 10:50:30.074 #39752 [-smarthttp-16][*][o.n.solon.SolonApp]: 
SolonApp tryHandle failed!
java.lang.NullPointerException: Cannot invoke "String.split(String)" because "value" is null
	at yh.hotplugin.system.integration.CrudHttpApi.parseIds(CrudHttpApi.java:31)
	at yh.hotplugin.system.integration.CrudHttpApi.delete(CrudHttpApi.java:24)
	at yh.hotplugin.system.integration.CrudHttpApi.lambda$null$8(CrudHttpApi.java:18)
	at yh.hotplugin.system.integration.CrudHttpApi.guard(CrudHttpApi.java:29)
	at yh.hotplugin.system.integration.CrudHttpApi.lambda$register$9(CrudHttpApi.java:18)
	at org.noear.solon.core.route.RouterHandler.handleMain(RouterHandler.java:51)
	at org.noear.solon.core.route.RouterHandler.handle1(RouterHandler.java:71)
	at org.noear.solon.core.route.RouterInterceptorChainImpl.doIntercept(RouterInterceptorChainImpl.java:54)
	at org.noear.solon.core.ChainManager.doRouterIntercept(ChainManager.java:226)
	at org.noear.solon.core.route.RouterHandler.handle(RouterHandler.java:103)
	at org.noear.solon.core.handle.HandlerPipeline.handle(HandlerPipeline.java:53)
	at org.noear.solon.core.handle.FilterChainImpl.doFilter(FilterChainImpl.java:51)
	at yh.hotplugin.security.HostSecurityFilter.doFilter(HostSecurityFilter.java:7)
	at org.noear.solon.core.handle.FilterChainImpl.doFilter(FilterChainImpl.java:49)
	at org.noear.solon.logging.integration.MdcClearFilter.doFilter(MdcClearFilter.java:33)
	at org.noear.solon.core.handle.FilterChainImpl.doFilter(FilterChainImpl.java:49)
	at org.noear.solon.core.ChainManager.doFilter(ChainManager.java:119)
	at org.noear.solon.SolonApp.lambda$tryHandle$6(SolonApp.java:580)
	at org.noear.solon.util.ScopeLocalJdk8.with(ScopeLocalJdk8.java:58)
	at org.noear.solon.core.handle.Context.currentWith(Context.java:66)
	at org.noear.solon.SolonApp.tryHandle(SolonApp.java:575)
	at org.noear.solon.server.smarthttp.http.SmHttpContextHandler.handleDo(SmHttpContextHandler.java:123)
	at org.noear.solon.server.smarthttp.http.SmHttpContextHandler.handle0(SmHttpContextHandler.java:101)
	at org.noear.solon.server.smarthttp.http.SmHttpContextHandler.lambda$handle$0(SmHttpContextHandler.java:86)
	at java.base/java.util.concurrent.ThreadPoolExecutor.runWorker(ThreadPoolExecutor.java:1136)
	at java.base/java.util.concurrent.ThreadPoolExecutor$Worker.run(ThreadPoolExecutor.java:635)
	at java.base/java.lang.Thread.run(Thread.java:833)
INFO  2026-08-19 10:52:59.248 #35316 [-main][*][o.noear.solon.Solon]: 
App: Start loading
INFO  2026-08-19 10:52:59.705 #35316 [-main][*][c.z.h.HikariDataSource]: 
permission-plugin - Starting...
INFO  2026-08-19 10:53:00.045 #35316 [-main][*][c.z.h.HikariDataSource]: 
permission-plugin - Start completed.
INFO  2026-08-19 10:53:01.066 #35316 [-main][*][o.n.s.s.s.i.SmHttpPlugin]: 
solon.connector:main: smarthttp: Started ServerConnector@{HTTP/1.1,[http/1.1]}{http://localhost:18080}
INFO  2026-08-19 10:53:01.066 #35316 [-main][*][o.n.s.s.s.i.SmHttpPlugin]: 
Server:main: smarthttp: Started (smart http 2.5/4.0.6) @287ms
INFO  2026-08-19 10:53:01.067 #35316 [-main][*][o.noear.solon.Solon]: 
App: End loading elapsed=2222ms pid=35316 v=4.0.6
INFO  2026-08-19 11:18:19.423 #42376 [-main][*][o.noear.solon.Solon]: 
App: Start loading
INFO  2026-08-19 11:18:19.683 #42376 [-main][*][c.z.h.HikariDataSource]: 
permission-plugin - Starting...
INFO  2026-08-19 11:18:19.869 #42376 [-main][*][c.z.h.HikariDataSource]: 
permission-plugin - Start completed.
INFO  2026-08-19 11:18:20.372 #42376 [-main][*][o.n.s.s.s.i.SmHttpPlugin]: 
solon.connector:main: smarthttp: Started ServerConnector@{HTTP/1.1,[http/1.1]}{http://localhost:18080}
INFO  2026-08-19 11:18:20.373 #42376 [-main][*][o.n.s.s.s.i.SmHttpPlugin]: 
Server:main: smarthttp: Started (smart http 2.5/4.0.6) @158ms
INFO  2026-08-19 11:18:20.373 #42376 [-main][*][o.noear.solon.Solon]: 
App: End loading elapsed=1223ms pid=42376 v=4.0.6
INFO  2026-08-19 11:23:53.917 #28452 [-main][*][o.noear.solon.Solon]: 
App: Start loading
INFO  2026-08-19 11:23:54.213 #28452 [-main][*][c.z.h.HikariDataSource]: 
permission-plugin - Starting...
INFO  2026-08-19 11:23:54.401 #28452 [-main][*][c.z.h.HikariDataSource]: 
permission-plugin - Start completed.
INFO  2026-08-19 11:23:54.968 #28452 [-main][*][o.n.s.s.s.i.SmHttpPlugin]: 
solon.connector:main: smarthttp: Started ServerConnector@{HTTP/1.1,[http/1.1]}{http://localhost:18080}
INFO  2026-08-19 11:23:54.968 #28452 [-main][*][o.n.s.s.s.i.SmHttpPlugin]: 
Server:main: smarthttp: Started (smart http 2.5/4.0.6) @166ms
INFO  2026-08-19 11:23:54.968 #28452 [-main][*][o.noear.solon.Solon]: 
App: End loading elapsed=1301ms pid=28452 v=4.0.6
INFO  2026-08-19 11:28:40.573 #23612 [-main][*][o.noear.solon.Solon]: 
App: Start loading
INFO  2026-08-19 11:28:40.842 #23612 [-main][*][c.z.h.HikariDataSource]: 
permission-plugin - Starting...
INFO  2026-08-19 11:28:41.048 #23612 [-main][*][c.z.h.HikariDataSource]: 
permission-plugin - Start completed.
INFO  2026-08-19 11:28:41.645 #23612 [-main][*][o.n.s.s.s.i.SmHttpPlugin]: 
solon.connector:main: smarthttp: Started ServerConnector@{HTTP/1.1,[http/1.1]}{http://localhost:18080}
INFO  2026-08-19 11:28:41.645 #23612 [-main][*][o.n.s.s.s.i.SmHttpPlugin]: 
Server:main: smarthttp: Started (smart http 2.5/4.0.6) @230ms
INFO  2026-08-19 11:28:41.645 #23612 [-main][*][o.noear.solon.Solon]: 
App: End loading elapsed=1332ms pid=23612 v=4.0.6
INFO  2026-08-19 11:29:55.248 #23612 [-smarthttp-16][*][c.z.h.HikariDataSource]: 
permission-plugin - Shutdown initiated...
INFO  2026-08-19 11:29:55.258 #23612 [-smarthttp-16][*][c.z.h.HikariDataSource]: 
permission-plugin - Shutdown completed.
INFO  2026-08-19 11:29:55.273 #23612 [-smarthttp-16][*][c.z.h.HikariDataSource]: 
permission-plugin - Starting...
INFO  2026-08-19 11:29:55.279 #23612 [-smarthttp-16][*][c.z.h.HikariDataSource]: 
permission-plugin - Start completed.
INFO  2026-08-19 11:29:55.292 #23612 [-smarthttp-16][*][c.z.h.HikariDataSource]: 
permission-plugin - Shutdown initiated...
INFO  2026-08-19 11:29:55.293 #23612 [-smarthttp-16][*][c.z.h.HikariDataSource]: 
permission-plugin - Shutdown completed.
INFO  2026-08-19 11:29:55.300 #23612 [-smarthttp-16][*][c.z.h.HikariDataSource]: 
permission-plugin - Starting...
INFO  2026-08-19 11:29:55.305 #23612 [-smarthttp-16][*][c.z.h.HikariDataSource]: 
permission-plugin - Start completed.
INFO  2026-08-19 11:29:55.314 #23612 [-smarthttp-16][*][c.z.h.HikariDataSource]: 
permission-plugin - Shutdown initiated...
INFO  2026-08-19 11:29:55.315 #23612 [-smarthttp-16][*][c.z.h.HikariDataSource]: 
permission-plugin - Shutdown completed.
INFO  2026-08-19 11:29:55.321 #23612 [-smarthttp-16][*][c.z.h.HikariDataSource]: 
permission-plugin - Starting...
INFO  2026-08-19 11:29:55.326 #23612 [-smarthttp-16][*][c.z.h.HikariDataSource]: 
permission-plugin - Start completed.
INFO  2026-08-19 11:29:55.335 #23612 [-smarthttp-16][*][c.z.h.HikariDataSource]: 
permission-plugin - Shutdown initiated...
INFO  2026-08-19 11:29:55.336 #23612 [-smarthttp-16][*][c.z.h.HikariDataSource]: 
permission-plugin - Shutdown completed.
INFO  2026-08-19 11:29:55.342 #23612 [-smarthttp-16][*][c.z.h.HikariDataSource]: 
permission-plugin - Starting...
INFO  2026-08-19 11:29:55.345 #23612 [-smarthttp-16][*][c.z.h.HikariDataSource]: 
permission-plugin - Start completed.
INFO  2026-08-19 11:29:55.356 #23612 [-smarthttp-16][*][c.z.h.HikariDataSource]: 
permission-plugin - Shutdown initiated...
INFO  2026-08-19 11:29:55.357 #23612 [-smarthttp-16][*][c.z.h.HikariDataSource]: 
permission-plugin - Shutdown completed.
INFO  2026-08-19 11:29:55.365 #23612 [-smarthttp-16][*][c.z.h.HikariDataSource]: 
permission-plugin - Starting...
INFO  2026-08-19 11:29:55.373 #23612 [-smarthttp-16][*][c.z.h.HikariDataSource]: 
permission-plugin - Start completed.
INFO  2026-08-19 11:29:55.385 #23612 [-smarthttp-16][*][c.z.h.HikariDataSource]: 
permission-plugin - Shutdown initiated...
INFO  2026-08-19 11:29:55.386 #23612 [-smarthttp-16][*][c.z.h.HikariDataSource]: 
permission-plugin - Shutdown completed.
INFO  2026-08-19 11:29:55.392 #23612 [-smarthttp-16][*][c.z.h.HikariDataSource]: 
permission-plugin - Starting...
INFO  2026-08-19 11:29:55.398 #23612 [-smarthttp-16][*][c.z.h.HikariDataSource]: 
permission-plugin - Start completed.
INFO  2026-08-19 11:29:55.407 #23612 [-smarthttp-16][*][c.z.h.HikariDataSource]: 
permission-plugin - Shutdown initiated...
INFO  2026-08-19 11:29:55.408 #23612 [-smarthttp-16][*][c.z.h.HikariDataSource]: 
permission-plugin - Shutdown completed.
INFO  2026-08-19 11:29:55.415 #23612 [-smarthttp-16][*][c.z.h.HikariDataSource]: 
permission-plugin - Starting...
INFO  2026-08-19 11:29:55.419 #23612 [-smarthttp-16][*][c.z.h.HikariDataSource]: 
permission-plugin - Start completed.
INFO  2026-08-19 11:29:55.429 #23612 [-smarthttp-16][*][c.z.h.HikariDataSource]: 
permission-plugin - Shutdown initiated...
INFO  2026-08-19 11:29:55.430 #23612 [-smarthttp-16][*][c.z.h.HikariDataSource]: 
permission-plugin - Shutdown completed.
INFO  2026-08-19 11:29:55.437 #23612 [-smarthttp-16][*][c.z.h.HikariDataSource]: 
permission-plugin - Starting...
INFO  2026-08-19 11:29:55.442 #23612 [-smarthttp-16][*][c.z.h.HikariDataSource]: 
permission-plugin - Start completed.
INFO  2026-08-19 11:29:55.452 #23612 [-smarthttp-16][*][c.z.h.HikariDataSource]: 
permission-plugin - Shutdown initiated...
INFO  2026-08-19 11:29:55.453 #23612 [-smarthttp-16][*][c.z.h.HikariDataSource]: 
permission-plugin - Shutdown completed.
INFO  2026-08-19 11:29:55.466 #23612 [-smarthttp-16][*][c.z.h.HikariDataSource]: 
permission-plugin - Starting...
INFO  2026-08-19 11:29:55.474 #23612 [-smarthttp-16][*][c.z.h.HikariDataSource]: 
permission-plugin - Start completed.
INFO  2026-08-19 11:29:55.484 #23612 [-smarthttp-16][*][c.z.h.HikariDataSource]: 
permission-plugin - Shutdown initiated...
INFO  2026-08-19 11:29:55.485 #23612 [-smarthttp-16][*][c.z.h.HikariDataSource]: 
permission-plugin - Shutdown completed.
INFO  2026-08-19 11:29:55.499 #23612 [-smarthttp-16][*][c.z.h.HikariDataSource]: 
permission-plugin - Starting...
INFO  2026-08-19 11:29:55.504 #23612 [-smarthttp-16][*][c.z.h.HikariDataSource]: 
permission-plugin - Start completed.
INFO  2026-08-19 11:29:55.515 #23612 [-smarthttp-16][*][c.z.h.HikariDataSource]: 
permission-plugin - Shutdown initiated...
INFO  2026-08-19 11:29:55.516 #23612 [-smarthttp-16][*][c.z.h.HikariDataSource]: 
permission-plugin - Shutdown completed.
INFO  2026-08-19 11:29:55.525 #23612 [-smarthttp-16][*][c.z.h.HikariDataSource]: 
permission-plugin - Starting...
INFO  2026-08-19 11:29:55.531 #23612 [-smarthttp-16][*][c.z.h.HikariDataSource]: 
permission-plugin - Start completed.
INFO  2026-08-19 11:29:55.541 #23612 [-smarthttp-16][*][c.z.h.HikariDataSource]: 
permission-plugin - Shutdown initiated...
INFO  2026-08-19 11:29:55.542 #23612 [-smarthttp-16][*][c.z.h.HikariDataSource]: 
permission-plugin - Shutdown completed.
INFO  2026-08-19 11:29:55.548 #23612 [-smarthttp-16][*][c.z.h.HikariDataSource]: 
permission-plugin - Starting...
INFO  2026-08-19 11:29:55.552 #23612 [-smarthttp-16][*][c.z.h.HikariDataSource]: 
permission-plugin - Start completed.
INFO  2026-08-19 11:29:55.561 #23612 [-smarthttp-16][*][c.z.h.HikariDataSource]: 
permission-plugin - Shutdown initiated...
INFO  2026-08-19 11:29:55.562 #23612 [-smarthttp-16][*][c.z.h.HikariDataSource]: 
permission-plugin - Shutdown completed.
INFO  2026-08-19 11:29:55.570 #23612 [-smarthttp-16][*][c.z.h.HikariDataSource]: 
permission-plugin - Starting...
INFO  2026-08-19 11:29:55.576 #23612 [-smarthttp-16][*][c.z.h.HikariDataSource]: 
permission-plugin - Start completed.
INFO  2026-08-19 11:29:55.587 #23612 [-smarthttp-16][*][c.z.h.HikariDataSource]: 
permission-plugin - Shutdown initiated...
INFO  2026-08-19 11:29:55.588 #23612 [-smarthttp-16][*][c.z.h.HikariDataSource]: 
permission-plugin - Shutdown completed.
INFO  2026-08-19 11:29:55.594 #23612 [-smarthttp-16][*][c.z.h.HikariDataSource]: 
permission-plugin - Starting...
INFO  2026-08-19 11:29:55.600 #23612 [-smarthttp-16][*][c.z.h.HikariDataSource]: 
permission-plugin - Start completed.
INFO  2026-08-19 11:29:55.609 #23612 [-smarthttp-16][*][c.z.h.HikariDataSource]: 
permission-plugin - Shutdown initiated...
INFO  2026-08-19 11:29:55.611 #23612 [-smarthttp-16][*][c.z.h.HikariDataSource]: 
permission-plugin - Shutdown completed.
INFO  2026-08-19 11:29:55.623 #23612 [-smarthttp-16][*][c.z.h.HikariDataSource]: 
permission-plugin - Starting...
INFO  2026-08-19 11:29:55.633 #23612 [-smarthttp-16][*][c.z.h.HikariDataSource]: 
permission-plugin - Start completed.
INFO  2026-08-19 11:29:55.649 #23612 [-smarthttp-16][*][c.z.h.HikariDataSource]: 
permission-plugin - Shutdown initiated...
INFO  2026-08-19 11:29:55.651 #23612 [-smarthttp-16][*][c.z.h.HikariDataSource]: 
permission-plugin - Shutdown completed.
INFO  2026-08-19 11:29:55.659 #23612 [-smarthttp-16][*][c.z.h.HikariDataSource]: 
permission-plugin - Starting...
INFO  2026-08-19 11:29:55.665 #23612 [-smarthttp-16][*][c.z.h.HikariDataSource]: 
permission-plugin - Start completed.
INFO  2026-08-19 11:29:55.681 #23612 [-smarthttp-16][*][c.z.h.HikariDataSource]: 
permission-plugin - Shutdown initiated...
INFO  2026-08-19 11:29:55.682 #23612 [-smarthttp-16][*][c.z.h.HikariDataSource]: 
permission-plugin - Shutdown completed.
INFO  2026-08-19 11:29:55.692 #23612 [-smarthttp-16][*][c.z.h.HikariDataSource]: 
permission-plugin - Starting...
INFO  2026-08-19 11:29:55.698 #23612 [-smarthttp-16][*][c.z.h.HikariDataSource]: 
permission-plugin - Start completed.
INFO  2026-08-19 11:29:55.711 #23612 [-smarthttp-16][*][c.z.h.HikariDataSource]: 
permission-plugin - Shutdown initiated...
INFO  2026-08-19 11:29:55.714 #23612 [-smarthttp-16][*][c.z.h.HikariDataSource]: 
permission-plugin - Shutdown completed.
INFO  2026-08-19 11:29:55.723 #23612 [-smarthttp-16][*][c.z.h.HikariDataSource]: 
permission-plugin - Starting...
INFO  2026-08-19 11:29:55.732 #23612 [-smarthttp-16][*][c.z.h.HikariDataSource]: 
permission-plugin - Start completed.
INFO  2026-08-19 11:29:55.742 #23612 [-smarthttp-16][*][c.z.h.HikariDataSource]: 
permission-plugin - Shutdown initiated...
INFO  2026-08-19 11:29:55.744 #23612 [-smarthttp-16][*][c.z.h.HikariDataSource]: 
permission-plugin - Shutdown completed.
INFO  2026-08-19 11:29:55.754 #23612 [-smarthttp-16][*][c.z.h.HikariDataSource]: 
permission-plugin - Starting...
INFO  2026-08-19 11:29:55.763 #23612 [-smarthttp-16][*][c.z.h.HikariDataSource]: 
permission-plugin - Start completed.
INFO  2026-08-19 11:29:55.769 #23612 [-smarthttp-16][*][c.z.h.HikariDataSource]: 
permission-plugin - Shutdown initiated...
INFO  2026-08-19 11:29:55.769 #23612 [-smarthttp-16][*][c.z.h.HikariDataSource]: 
permission-plugin - Shutdown completed.
INFO  2026-08-19 11:29:55.777 #23612 [-smarthttp-16][*][c.z.h.HikariDataSource]: 
permission-plugin - Starting...
INFO  2026-08-19 11:29:55.783 #23612 [-smarthttp-16][*][c.z.h.HikariDataSource]: 
permission-plugin - Start completed.
INFO  2026-08-19 11:29:55.790 #23612 [-smarthttp-16][*][c.z.h.HikariDataSource]: 
permission-plugin - Shutdown initiated...
INFO  2026-08-19 11:29:55.790 #23612 [-smarthttp-16][*][c.z.h.HikariDataSource]: 
permission-plugin - Shutdown completed.
INFO  2026-08-19 11:29:55.797 #23612 [-smarthttp-16][*][c.z.h.HikariDataSource]: 
permission-plugin - Starting...
INFO  2026-08-19 11:29:55.805 #23612 [-smarthttp-16][*][c.z.h.HikariDataSource]: 
permission-plugin - Start completed.
INFO  2026-08-19 11:29:55.814 #23612 [-smarthttp-16][*][c.z.h.HikariDataSource]: 
permission-plugin - Shutdown initiated...
INFO  2026-08-19 11:29:55.814 #23612 [-smarthttp-16][*][c.z.h.HikariDataSource]: 
permission-plugin - Shutdown completed.
INFO  2026-08-19 11:29:55.818 #23612 [-smarthttp-16][*][c.z.h.HikariDataSource]: 
permission-plugin - Starting...
INFO  2026-08-19 11:29:55.824 #23612 [-smarthttp-16][*][c.z.h.HikariDataSource]: 
permission-plugin - Start completed.
INFO  2026-08-19 11:29:55.831 #23612 [-smarthttp-16][*][c.z.h.HikariDataSource]: 
permission-plugin - Shutdown initiated...
INFO  2026-08-19 11:29:55.832 #23612 [-smarthttp-16][*][c.z.h.HikariDataSource]: 
permission-plugin - Shutdown completed.
INFO  2026-08-19 11:29:55.838 #23612 [-smarthttp-16][*][c.z.h.HikariDataSource]: 
permission-plugin - Starting...
INFO  2026-08-19 11:29:55.839 #23612 [-smarthttp-16][*][c.z.h.HikariDataSource]: 
permission-plugin - Start completed.
INFO  2026-08-19 11:29:55.847 #23612 [-smarthttp-16][*][c.z.h.HikariDataSource]: 
permission-plugin - Shutdown initiated...
INFO  2026-08-19 11:29:55.847 #23612 [-smarthttp-16][*][c.z.h.HikariDataSource]: 
permission-plugin - Shutdown completed.
INFO  2026-08-19 11:29:55.866 #23612 [-smarthttp-16][*][c.z.h.HikariDataSource]: 
permission-plugin - Starting...
INFO  2026-08-19 11:29:55.869 #23612 [-smarthttp-16][*][c.z.h.HikariDataSource]: 
permission-plugin - Start completed.
INFO  2026-08-19 11:29:55.880 #23612 [-smarthttp-16][*][c.z.h.HikariDataSource]: 
permission-plugin - Shutdown initiated...
INFO  2026-08-19 11:29:55.881 #23612 [-smarthttp-16][*][c.z.h.HikariDataSource]: 
permission-plugin - Shutdown completed.
INFO  2026-08-19 11:29:55.888 #23612 [-smarthttp-16][*][c.z.h.HikariDataSource]: 
permission-plugin - Starting...
INFO  2026-08-19 11:29:55.892 #23612 [-smarthttp-16][*][c.z.h.HikariDataSource]: 
permission-plugin - Start completed.
INFO  2026-08-19 11:29:55.901 #23612 [-smarthttp-16][*][c.z.h.HikariDataSource]: 
permission-plugin - Shutdown initiated...
INFO  2026-08-19 11:29:55.902 #23612 [-smarthttp-16][*][c.z.h.HikariDataSource]: 
permission-plugin - Shutdown completed.
INFO  2026-08-19 11:29:55.908 #23612 [-smarthttp-16][*][c.z.h.HikariDataSource]: 
permission-plugin - Starting...
INFO  2026-08-19 11:29:55.911 #23612 [-smarthttp-16][*][c.z.h.HikariDataSource]: 
permission-plugin - Start completed.
INFO  2026-08-19 11:29:55.918 #23612 [-smarthttp-16][*][c.z.h.HikariDataSource]: 
permission-plugin - Shutdown initiated...
INFO  2026-08-19 11:29:55.919 #23612 [-smarthttp-16][*][c.z.h.HikariDataSource]: 
permission-plugin - Shutdown completed.
INFO  2026-08-19 11:29:55.925 #23612 [-smarthttp-16][*][c.z.h.HikariDataSource]: 
permission-plugin - Starting...
INFO  2026-08-19 11:29:55.928 #23612 [-smarthttp-16][*][c.z.h.HikariDataSource]: 
permission-plugin - Start completed.
INFO  2026-08-19 11:29:55.934 #23612 [-smarthttp-16][*][c.z.h.HikariDataSource]: 
permission-plugin - Shutdown initiated...
INFO  2026-08-19 11:29:55.935 #23612 [-smarthttp-16][*][c.z.h.HikariDataSource]: 
permission-plugin - Shutdown completed.
INFO  2026-08-19 11:29:55.940 #23612 [-smarthttp-16][*][c.z.h.HikariDataSource]: 
permission-plugin - Starting...
INFO  2026-08-19 11:29:55.946 #23612 [-smarthttp-16][*][c.z.h.HikariDataSource]: 
permission-plugin - Start completed.
INFO  2026-08-19 11:29:55.954 #23612 [-smarthttp-16][*][c.z.h.HikariDataSource]: 
permission-plugin - Shutdown initiated...
INFO  2026-08-19 11:29:55.955 #23612 [-smarthttp-16][*][c.z.h.HikariDataSource]: 
permission-plugin - Shutdown completed.
INFO  2026-08-19 11:29:55.960 #23612 [-smarthttp-16][*][c.z.h.HikariDataSource]: 
permission-plugin - Starting...
INFO  2026-08-19 11:29:55.964 #23612 [-smarthttp-16][*][c.z.h.HikariDataSource]: 
permission-plugin - Start completed.
INFO  2026-08-19 11:29:55.972 #23612 [-smarthttp-16][*][c.z.h.HikariDataSource]: 
permission-plugin - Shutdown initiated...
INFO  2026-08-19 11:29:55.973 #23612 [-smarthttp-16][*][c.z.h.HikariDataSource]: 
permission-plugin - Shutdown completed.
INFO  2026-08-19 11:29:55.979 #23612 [-smarthttp-16][*][c.z.h.HikariDataSource]: 
permission-plugin - Starting...
INFO  2026-08-19 11:29:55.984 #23612 [-smarthttp-16][*][c.z.h.HikariDataSource]: 
permission-plugin - Start completed.
INFO  2026-08-19 11:29:55.994 #23612 [-smarthttp-16][*][c.z.h.HikariDataSource]: 
permission-plugin - Shutdown initiated...
INFO  2026-08-19 11:29:55.995 #23612 [-smarthttp-16][*][c.z.h.HikariDataSource]: 
permission-plugin - Shutdown completed.
INFO  2026-08-19 11:29:56.004 #23612 [-smarthttp-16][*][c.z.h.HikariDataSource]: 
permission-plugin - Starting...
INFO  2026-08-19 11:29:56.010 #23612 [-smarthttp-16][*][c.z.h.HikariDataSource]: 
permission-plugin - Start completed.
INFO  2026-08-19 11:29:56.019 #23612 [-smarthttp-16][*][c.z.h.HikariDataSource]: 
permission-plugin - Shutdown initiated...
INFO  2026-08-19 11:29:56.020 #23612 [-smarthttp-16][*][c.z.h.HikariDataSource]: 
permission-plugin - Shutdown completed.
INFO  2026-08-19 11:29:56.025 #23612 [-smarthttp-16][*][c.z.h.HikariDataSource]: 
permission-plugin - Starting...
INFO  2026-08-19 11:29:56.030 #23612 [-smarthttp-16][*][c.z.h.HikariDataSource]: 
permission-plugin - Start completed.
INFO  2026-08-19 11:29:56.038 #23612 [-smarthttp-16][*][c.z.h.HikariDataSource]: 
permission-plugin - Shutdown initiated...
INFO  2026-08-19 11:29:56.040 #23612 [-smarthttp-16][*][c.z.h.HikariDataSource]: 
permission-plugin - Shutdown completed.
INFO  2026-08-19 11:29:56.045 #23612 [-smarthttp-16][*][c.z.h.HikariDataSource]: 
permission-plugin - Starting...
INFO  2026-08-19 11:29:56.049 #23612 [-smarthttp-16][*][c.z.h.HikariDataSource]: 
permission-plugin - Start completed.
INFO  2026-08-19 11:29:56.056 #23612 [-smarthttp-16][*][c.z.h.HikariDataSource]: 
permission-plugin - Shutdown initiated...
INFO  2026-08-19 11:29:56.057 #23612 [-smarthttp-16][*][c.z.h.HikariDataSource]: 
permission-plugin - Shutdown completed.
INFO  2026-08-19 11:29:56.064 #23612 [-smarthttp-16][*][c.z.h.HikariDataSource]: 
permission-plugin - Starting...
INFO  2026-08-19 11:29:56.066 #23612 [-smarthttp-16][*][c.z.h.HikariDataSource]: 
permission-plugin - Start completed.
INFO  2026-08-19 11:29:56.073 #23612 [-smarthttp-16][*][c.z.h.HikariDataSource]: 
permission-plugin - Shutdown initiated...
INFO  2026-08-19 11:29:56.073 #23612 [-smarthttp-16][*][c.z.h.HikariDataSource]: 
permission-plugin - Shutdown completed.
INFO  2026-08-19 11:29:56.078 #23612 [-smarthttp-16][*][c.z.h.HikariDataSource]: 
permission-plugin - Starting...
INFO  2026-08-19 11:29:56.081 #23612 [-smarthttp-16][*][c.z.h.HikariDataSource]: 
permission-plugin - Start completed.
INFO  2026-08-19 11:29:56.087 #23612 [-smarthttp-16][*][c.z.h.HikariDataSource]: 
permission-plugin - Shutdown initiated...
INFO  2026-08-19 11:29:56.088 #23612 [-smarthttp-16][*][c.z.h.HikariDataSource]: 
permission-plugin - Shutdown completed.
INFO  2026-08-19 11:29:56.090 #23612 [-smarthttp-16][*][c.z.h.HikariDataSource]: 
permission-plugin - Starting...
INFO  2026-08-19 11:29:56.097 #23612 [-smarthttp-16][*][c.z.h.HikariDataSource]: 
permission-plugin - Start completed.
INFO  2026-08-19 11:29:56.103 #23612 [-smarthttp-16][*][c.z.h.HikariDataSource]: 
permission-plugin - Shutdown initiated...
INFO  2026-08-19 11:29:56.103 #23612 [-smarthttp-16][*][c.z.h.HikariDataSource]: 
permission-plugin - Shutdown completed.
INFO  2026-08-19 11:29:56.111 #23612 [-smarthttp-16][*][c.z.h.HikariDataSource]: 
permission-plugin - Starting...
INFO  2026-08-19 11:29:56.111 #23612 [-smarthttp-16][*][c.z.h.HikariDataSource]: 
permission-plugin - Start completed.
INFO  2026-08-19 11:29:56.120 #23612 [-smarthttp-16][*][c.z.h.HikariDataSource]: 
permission-plugin - Shutdown initiated...
INFO  2026-08-19 11:29:56.123 #23612 [-smarthttp-16][*][c.z.h.HikariDataSource]: 
permission-plugin - Shutdown completed.
INFO  2026-08-19 11:29:56.123 #23612 [-smarthttp-16][*][c.z.h.HikariDataSource]: 
permission-plugin - Starting...
INFO  2026-08-19 11:29:56.130 #23612 [-smarthttp-16][*][c.z.h.HikariDataSource]: 
permission-plugin - Start completed.
INFO  2026-08-19 11:29:56.137 #23612 [-smarthttp-16][*][c.z.h.HikariDataSource]: 
permission-plugin - Shutdown initiated...
INFO  2026-08-19 11:29:56.138 #23612 [-smarthttp-16][*][c.z.h.HikariDataSource]: 
permission-plugin - Shutdown completed.
INFO  2026-08-19 11:29:56.144 #23612 [-smarthttp-16][*][c.z.h.HikariDataSource]: 
permission-plugin - Starting...
INFO  2026-08-19 11:29:56.149 #23612 [-smarthttp-16][*][c.z.h.HikariDataSource]: 
permission-plugin - Start completed.
INFO  2026-08-19 11:29:56.158 #23612 [-smarthttp-16][*][c.z.h.HikariDataSource]: 
permission-plugin - Shutdown initiated...
INFO  2026-08-19 11:29:56.158 #23612 [-smarthttp-16][*][c.z.h.HikariDataSource]: 
permission-plugin - Shutdown completed.
INFO  2026-08-19 11:29:56.165 #23612 [-smarthttp-16][*][c.z.h.HikariDataSource]: 
permission-plugin - Starting...
INFO  2026-08-19 11:29:56.168 #23612 [-smarthttp-16][*][c.z.h.HikariDataSource]: 
permission-plugin - Start completed.
INFO  2026-08-19 11:29:56.176 #23612 [-smarthttp-16][*][c.z.h.HikariDataSource]: 
permission-plugin - Shutdown initiated...
INFO  2026-08-19 11:29:56.177 #23612 [-smarthttp-16][*][c.z.h.HikariDataSource]: 
permission-plugin - Shutdown completed.
INFO  2026-08-19 11:29:56.183 #23612 [-smarthttp-16][*][c.z.h.HikariDataSource]: 
permission-plugin - Starting...
INFO  2026-08-19 11:29:56.188 #23612 [-smarthttp-16][*][c.z.h.HikariDataSource]: 
permission-plugin - Start completed.
INFO  2026-08-19 11:29:56.198 #23612 [-smarthttp-16][*][c.z.h.HikariDataSource]: 
permission-plugin - Shutdown initiated...
INFO  2026-08-19 11:29:56.199 #23612 [-smarthttp-16][*][c.z.h.HikariDataSource]: 
permission-plugin - Shutdown completed.
INFO  2026-08-19 11:29:56.204 #23612 [-smarthttp-16][*][c.z.h.HikariDataSource]: 
permission-plugin - Starting...
INFO  2026-08-19 11:29:56.208 #23612 [-smarthttp-16][*][c.z.h.HikariDataSource]: 
permission-plugin - Start completed.
INFO  2026-08-19 11:29:56.215 #23612 [-smarthttp-16][*][c.z.h.HikariDataSource]: 
permission-plugin - Shutdown initiated...
INFO  2026-08-19 11:29:56.216 #23612 [-smarthttp-16][*][c.z.h.HikariDataSource]: 
permission-plugin - Shutdown completed.
INFO  2026-08-19 11:29:56.221 #23612 [-smarthttp-16][*][c.z.h.HikariDataSource]: 
permission-plugin - Starting...
INFO  2026-08-19 11:29:56.224 #23612 [-smarthttp-16][*][c.z.h.HikariDataSource]: 
permission-plugin - Start completed.
INFO  2026-08-19 11:29:56.231 #23612 [-smarthttp-16][*][c.z.h.HikariDataSource]: 
permission-plugin - Shutdown initiated...
INFO  2026-08-19 11:29:56.233 #23612 [-smarthttp-16][*][c.z.h.HikariDataSource]: 
permission-plugin - Shutdown completed.
INFO  2026-08-19 11:29:56.237 #23612 [-smarthttp-16][*][c.z.h.HikariDataSource]: 
permission-plugin - Starting...
INFO  2026-08-19 11:29:56.242 #23612 [-smarthttp-16][*][c.z.h.HikariDataSource]: 
permission-plugin - Start completed.
INFO  2026-08-19 11:29:56.249 #23612 [-smarthttp-16][*][c.z.h.HikariDataSource]: 
permission-plugin - Shutdown initiated...
INFO  2026-08-19 11:29:56.250 #23612 [-smarthttp-16][*][c.z.h.HikariDataSource]: 
permission-plugin - Shutdown completed.
INFO  2026-08-19 11:29:56.255 #23612 [-smarthttp-16][*][c.z.h.HikariDataSource]: 
permission-plugin - Starting...
INFO  2026-08-19 11:29:56.259 #23612 [-smarthttp-16][*][c.z.h.HikariDataSource]: 
permission-plugin - Start completed.
INFO  2026-08-19 11:29:56.265 #23612 [-smarthttp-16][*][c.z.h.HikariDataSource]: 
permission-plugin - Shutdown initiated...
INFO  2026-08-19 11:29:56.266 #23612 [-smarthttp-16][*][c.z.h.HikariDataSource]: 
permission-plugin - Shutdown completed.
INFO  2026-08-19 11:29:56.269 #23612 [-smarthttp-16][*][c.z.h.HikariDataSource]: 
permission-plugin - Starting...
INFO  2026-08-19 11:29:56.275 #23612 [-smarthttp-16][*][c.z.h.HikariDataSource]: 
permission-plugin - Start completed.
INFO  2026-08-19 11:29:56.281 #23612 [-smarthttp-16][*][c.z.h.HikariDataSource]: 
permission-plugin - Shutdown initiated...
INFO  2026-08-19 11:29:56.283 #23612 [-smarthttp-16][*][c.z.h.HikariDataSource]: 
permission-plugin - Shutdown completed.
INFO  2026-08-19 11:29:56.288 #23612 [-smarthttp-16][*][c.z.h.HikariDataSource]: 
permission-plugin - Starting...
INFO  2026-08-19 11:29:56.290 #23612 [-smarthttp-16][*][c.z.h.HikariDataSource]: 
permission-plugin - Start completed.
INFO  2026-08-19 11:29:56.302 #23612 [-smarthttp-16][*][c.z.h.HikariDataSource]: 
permission-plugin - Shutdown initiated...
INFO  2026-08-19 11:29:56.302 #23612 [-smarthttp-16][*][c.z.h.HikariDataSource]: 
permission-plugin - Shutdown completed.
INFO  2026-08-19 11:29:56.305 #23612 [-smarthttp-16][*][c.z.h.HikariDataSource]: 
permission-plugin - Starting...
INFO  2026-08-19 11:29:56.311 #23612 [-smarthttp-16][*][c.z.h.HikariDataSource]: 
permission-plugin - Start completed.
INFO  2026-08-19 11:29:56.317 #23612 [-smarthttp-16][*][c.z.h.HikariDataSource]: 
permission-plugin - Shutdown initiated...
INFO  2026-08-19 11:29:56.318 #23612 [-smarthttp-16][*][c.z.h.HikariDataSource]: 
permission-plugin - Shutdown completed.
INFO  2026-08-19 11:29:56.322 #23612 [-smarthttp-16][*][c.z.h.HikariDataSource]: 
permission-plugin - Starting...
INFO  2026-08-19 11:29:56.328 #23612 [-smarthttp-16][*][c.z.h.HikariDataSource]: 
permission-plugin - Start completed.
INFO  2026-08-19 11:29:56.335 #23612 [-smarthttp-16][*][c.z.h.HikariDataSource]: 
permission-plugin - Shutdown initiated...
INFO  2026-08-19 11:29:56.337 #23612 [-smarthttp-16][*][c.z.h.HikariDataSource]: 
permission-plugin - Shutdown completed.
INFO  2026-08-19 11:29:56.339 #23612 [-smarthttp-16][*][c.z.h.HikariDataSource]: 
permission-plugin - Starting...
INFO  2026-08-19 11:29:56.350 #23612 [-smarthttp-16][*][c.z.h.HikariDataSource]: 
permission-plugin - Start completed.
INFO  2026-08-19 11:29:56.359 #23612 [-smarthttp-16][*][c.z.h.HikariDataSource]: 
permission-plugin - Shutdown initiated...
INFO  2026-08-19 11:29:56.360 #23612 [-smarthttp-16][*][c.z.h.HikariDataSource]: 
permission-plugin - Shutdown completed.
INFO  2026-08-19 11:29:56.369 #23612 [-smarthttp-16][*][c.z.h.HikariDataSource]: 
permission-plugin - Starting...
INFO  2026-08-19 11:29:56.377 #23612 [-smarthttp-16][*][c.z.h.HikariDataSource]: 
permission-plugin - Start completed.
INFO  2026-08-19 11:29:56.388 #23612 [-smarthttp-16][*][c.z.h.HikariDataSource]: 
permission-plugin - Shutdown initiated...
INFO  2026-08-19 11:29:56.390 #23612 [-smarthttp-16][*][c.z.h.HikariDataSource]: 
permission-plugin - Shutdown completed.
INFO  2026-08-19 11:29:56.397 #23612 [-smarthttp-16][*][c.z.h.HikariDataSource]: 
permission-plugin - Starting...
INFO  2026-08-19 11:29:56.403 #23612 [-smarthttp-16][*][c.z.h.HikariDataSource]: 
permission-plugin - Start completed.
INFO  2026-08-19 11:29:56.413 #23612 [-smarthttp-16][*][c.z.h.HikariDataSource]: 
permission-plugin - Shutdown initiated...
INFO  2026-08-19 11:29:56.414 #23612 [-smarthttp-16][*][c.z.h.HikariDataSource]: 
permission-plugin - Shutdown completed.
INFO  2026-08-19 11:29:56.420 #23612 [-smarthttp-16][*][c.z.h.HikariDataSource]: 
permission-plugin - Starting...
INFO  2026-08-19 11:29:56.427 #23612 [-smarthttp-16][*][c.z.h.HikariDataSource]: 
permission-plugin - Start completed.
INFO  2026-08-19 11:29:56.435 #23612 [-smarthttp-16][*][c.z.h.HikariDataSource]: 
permission-plugin - Shutdown initiated...
INFO  2026-08-19 11:29:56.437 #23612 [-smarthttp-16][*][c.z.h.HikariDataSource]: 
permission-plugin - Shutdown completed.
INFO  2026-08-19 11:29:56.443 #23612 [-smarthttp-16][*][c.z.h.HikariDataSource]: 
permission-plugin - Starting...
INFO  2026-08-19 11:29:56.448 #23612 [-smarthttp-16][*][c.z.h.HikariDataSource]: 
permission-plugin - Start completed.
INFO  2026-08-19 11:29:56.458 #23612 [-smarthttp-16][*][c.z.h.HikariDataSource]: 
permission-plugin - Shutdown initiated...
INFO  2026-08-19 11:29:56.459 #23612 [-smarthttp-16][*][c.z.h.HikariDataSource]: 
permission-plugin - Shutdown completed.
INFO  2026-08-19 11:29:56.467 #23612 [-smarthttp-16][*][c.z.h.HikariDataSource]: 
permission-plugin - Starting...
INFO  2026-08-19 11:29:56.471 #23612 [-smarthttp-16][*][c.z.h.HikariDataSource]: 
permission-plugin - Start completed.
INFO  2026-08-19 11:29:56.481 #23612 [-smarthttp-16][*][c.z.h.HikariDataSource]: 
permission-plugin - Shutdown initiated...
INFO  2026-08-19 11:29:56.484 #23612 [-smarthttp-16][*][c.z.h.HikariDataSource]: 
permission-plugin - Shutdown completed.
INFO  2026-08-19 11:29:56.492 #23612 [-smarthttp-16][*][c.z.h.HikariDataSource]: 
permission-plugin - Starting...
INFO  2026-08-19 11:29:56.499 #23612 [-smarthttp-16][*][c.z.h.HikariDataSource]: 
permission-plugin - Start completed.
INFO  2026-08-19 11:29:56.509 #23612 [-smarthttp-16][*][c.z.h.HikariDataSource]: 
permission-plugin - Shutdown initiated...
INFO  2026-08-19 11:29:56.510 #23612 [-smarthttp-16][*][c.z.h.HikariDataSource]: 
permission-plugin - Shutdown completed.
INFO  2026-08-19 11:29:56.516 #23612 [-smarthttp-16][*][c.z.h.HikariDataSource]: 
permission-plugin - Starting...
INFO  2026-08-19 11:29:56.522 #23612 [-smarthttp-16][*][c.z.h.HikariDataSource]: 
permission-plugin - Start completed.
INFO  2026-08-19 11:29:56.530 #23612 [-smarthttp-16][*][c.z.h.HikariDataSource]: 
permission-plugin - Shutdown initiated...
INFO  2026-08-19 11:29:56.532 #23612 [-smarthttp-16][*][c.z.h.HikariDataSource]: 
permission-plugin - Shutdown completed.
INFO  2026-08-19 11:29:56.538 #23612 [-smarthttp-16][*][c.z.h.HikariDataSource]: 
permission-plugin - Starting...
INFO  2026-08-19 11:29:56.544 #23612 [-smarthttp-16][*][c.z.h.HikariDataSource]: 
permission-plugin - Start completed.
INFO  2026-08-19 11:29:56.554 #23612 [-smarthttp-16][*][c.z.h.HikariDataSource]: 
permission-plugin - Shutdown initiated...
INFO  2026-08-19 11:29:56.556 #23612 [-smarthttp-16][*][c.z.h.HikariDataSource]: 
permission-plugin - Shutdown completed.
INFO  2026-08-19 11:29:56.563 #23612 [-smarthttp-16][*][c.z.h.HikariDataSource]: 
permission-plugin - Starting...
INFO  2026-08-19 11:29:56.568 #23612 [-smarthttp-16][*][c.z.h.HikariDataSource]: 
permission-plugin - Start completed.
INFO  2026-08-19 11:29:56.575 #23612 [-smarthttp-16][*][c.z.h.HikariDataSource]: 
permission-plugin - Shutdown initiated...
INFO  2026-08-19 11:29:56.575 #23612 [-smarthttp-16][*][c.z.h.HikariDataSource]: 
permission-plugin - Shutdown completed.
INFO  2026-08-19 11:29:56.582 #23612 [-smarthttp-16][*][c.z.h.HikariDataSource]: 
permission-plugin - Starting...
INFO  2026-08-19 11:29:56.589 #23612 [-smarthttp-16][*][c.z.h.HikariDataSource]: 
permission-plugin - Start completed.
INFO  2026-08-19 11:29:56.596 #23612 [-smarthttp-16][*][c.z.h.HikariDataSource]: 
permission-plugin - Shutdown initiated...
INFO  2026-08-19 11:29:56.596 #23612 [-smarthttp-16][*][c.z.h.HikariDataSource]: 
permission-plugin - Shutdown completed.
INFO  2026-08-19 11:29:56.610 #23612 [-smarthttp-16][*][c.z.h.HikariDataSource]: 
permission-plugin - Starting...
INFO  2026-08-19 11:29:56.615 #23612 [-smarthttp-16][*][c.z.h.HikariDataSource]: 
permission-plugin - Start completed.
INFO  2026-08-19 11:29:56.625 #23612 [-smarthttp-16][*][c.z.h.HikariDataSource]: 
permission-plugin - Shutdown initiated...
INFO  2026-08-19 11:29:56.628 #23612 [-smarthttp-16][*][c.z.h.HikariDataSource]: 
permission-plugin - Shutdown completed.
INFO  2026-08-19 11:29:56.630 #23612 [-smarthttp-16][*][c.z.h.HikariDataSource]: 
permission-plugin - Starting...
INFO  2026-08-19 11:29:56.637 #23612 [-smarthttp-16][*][c.z.h.HikariDataSource]: 
permission-plugin - Start completed.
INFO  2026-08-19 11:29:56.649 #23612 [-smarthttp-16][*][c.z.h.HikariDataSource]: 
permission-plugin - Shutdown initiated...
INFO  2026-08-19 11:29:56.649 #23612 [-smarthttp-16][*][c.z.h.HikariDataSource]: 
permission-plugin - Shutdown completed.
INFO  2026-08-19 11:29:56.656 #23612 [-smarthttp-16][*][c.z.h.HikariDataSource]: 
permission-plugin - Starting...
INFO  2026-08-19 11:29:56.663 #23612 [-smarthttp-16][*][c.z.h.HikariDataSource]: 
permission-plugin - Start completed.
INFO  2026-08-19 11:29:56.672 #23612 [-smarthttp-16][*][c.z.h.HikariDataSource]: 
permission-plugin - Shutdown initiated...
INFO  2026-08-19 11:29:56.674 #23612 [-smarthttp-16][*][c.z.h.HikariDataSource]: 
permission-plugin - Shutdown completed.
INFO  2026-08-19 11:29:56.685 #23612 [-smarthttp-16][*][c.z.h.HikariDataSource]: 
permission-plugin - Starting...
INFO  2026-08-19 11:29:56.692 #23612 [-smarthttp-16][*][c.z.h.HikariDataSource]: 
permission-plugin - Start completed.
INFO  2026-08-19 11:29:56.702 #23612 [-smarthttp-16][*][c.z.h.HikariDataSource]: 
permission-plugin - Shutdown initiated...
INFO  2026-08-19 11:29:56.703 #23612 [-smarthttp-16][*][c.z.h.HikariDataSource]: 
permission-plugin - Shutdown completed.
INFO  2026-08-19 11:29:56.707 #23612 [-smarthttp-16][*][c.z.h.HikariDataSource]: 
permission-plugin - Starting...
INFO  2026-08-19 11:29:56.712 #23612 [-smarthttp-16][*][c.z.h.HikariDataSource]: 
permission-plugin - Start completed.
INFO  2026-08-19 11:29:56.719 #23612 [-smarthttp-16][*][c.z.h.HikariDataSource]: 
permission-plugin - Shutdown initiated...
INFO  2026-08-19 11:29:56.719 #23612 [-smarthttp-16][*][c.z.h.HikariDataSource]: 
permission-plugin - Shutdown completed.
INFO  2026-08-19 11:29:56.725 #23612 [-smarthttp-16][*][c.z.h.HikariDataSource]: 
permission-plugin - Starting...
INFO  2026-08-19 11:29:56.729 #23612 [-smarthttp-16][*][c.z.h.HikariDataSource]: 
permission-plugin - Start completed.
INFO  2026-08-19 11:29:56.737 #23612 [-smarthttp-16][*][c.z.h.HikariDataSource]: 
permission-plugin - Shutdown initiated...
INFO  2026-08-19 11:29:56.738 #23612 [-smarthttp-16][*][c.z.h.HikariDataSource]: 
permission-plugin - Shutdown completed.
INFO  2026-08-19 11:29:56.743 #23612 [-smarthttp-16][*][c.z.h.HikariDataSource]: 
permission-plugin - Starting...
INFO  2026-08-19 11:29:56.747 #23612 [-smarthttp-16][*][c.z.h.HikariDataSource]: 
permission-plugin - Start completed.
INFO  2026-08-19 11:29:56.755 #23612 [-smarthttp-16][*][c.z.h.HikariDataSource]: 
permission-plugin - Shutdown initiated...
INFO  2026-08-19 11:29:56.756 #23612 [-smarthttp-16][*][c.z.h.HikariDataSource]: 
permission-plugin - Shutdown completed.
INFO  2026-08-19 11:29:56.762 #23612 [-smarthttp-16][*][c.z.h.HikariDataSource]: 
permission-plugin - Starting...
INFO  2026-08-19 11:29:56.765 #23612 [-smarthttp-16][*][c.z.h.HikariDataSource]: 
permission-plugin - Start completed.
INFO  2026-08-19 11:29:56.772 #23612 [-smarthttp-16][*][c.z.h.HikariDataSource]: 
permission-plugin - Shutdown initiated...
INFO  2026-08-19 11:29:56.774 #23612 [-smarthttp-16][*][c.z.h.HikariDataSource]: 
permission-plugin - Shutdown completed.
INFO  2026-08-19 11:29:56.776 #23612 [-smarthttp-16][*][c.z.h.HikariDataSource]: 
permission-plugin - Starting...
INFO  2026-08-19 11:29:56.784 #23612 [-smarthttp-16][*][c.z.h.HikariDataSource]: 
permission-plugin - Start completed.
INFO  2026-08-19 11:29:56.793 #23612 [-smarthttp-16][*][c.z.h.HikariDataSource]: 
permission-plugin - Shutdown initiated...
INFO  2026-08-19 11:29:56.795 #23612 [-smarthttp-16][*][c.z.h.HikariDataSource]: 
permission-plugin - Shutdown completed.
INFO  2026-08-19 11:29:56.798 #23612 [-smarthttp-16][*][c.z.h.HikariDataSource]: 
permission-plugin - Starting...
INFO  2026-08-19 11:29:56.804 #23612 [-smarthttp-16][*][c.z.h.HikariDataSource]: 
permission-plugin - Start completed.
INFO  2026-08-19 11:29:56.811 #23612 [-smarthttp-16][*][c.z.h.HikariDataSource]: 
permission-plugin - Shutdown initiated...
INFO  2026-08-19 11:29:56.814 #23612 [-smarthttp-16][*][c.z.h.HikariDataSource]: 
permission-plugin - Shutdown completed.
INFO  2026-08-19 11:29:56.818 #23612 [-smarthttp-16][*][c.z.h.HikariDataSource]: 
permission-plugin - Starting...
INFO  2026-08-19 11:29:56.818 #23612 [-smarthttp-16][*][c.z.h.HikariDataSource]: 
permission-plugin - Start completed.
INFO  2026-08-19 11:29:56.829 #23612 [-smarthttp-16][*][c.z.h.HikariDataSource]: 
permission-plugin - Shutdown initiated...
INFO  2026-08-19 11:29:56.831 #23612 [-smarthttp-16][*][c.z.h.HikariDataSource]: 
permission-plugin - Shutdown completed.
INFO  2026-08-19 11:29:56.834 #23612 [-smarthttp-16][*][c.z.h.HikariDataSource]: 
permission-plugin - Starting...
INFO  2026-08-19 11:29:56.838 #23612 [-smarthttp-16][*][c.z.h.HikariDataSource]: 
permission-plugin - Start completed.
INFO  2026-08-19 11:29:56.846 #23612 [-smarthttp-16][*][c.z.h.HikariDataSource]: 
permission-plugin - Shutdown initiated...
INFO  2026-08-19 11:29:56.846 #23612 [-smarthttp-16][*][c.z.h.HikariDataSource]: 
permission-plugin - Shutdown completed.
INFO  2026-08-19 11:29:56.853 #23612 [-smarthttp-16][*][c.z.h.HikariDataSource]: 
permission-plugin - Starting...
INFO  2026-08-19 11:29:56.857 #23612 [-smarthttp-16][*][c.z.h.HikariDataSource]: 
permission-plugin - Start completed.
INFO  2026-08-19 11:29:56.863 #23612 [-smarthttp-16][*][c.z.h.HikariDataSource]: 
permission-plugin - Shutdown initiated...
INFO  2026-08-19 11:29:56.863 #23612 [-smarthttp-16][*][c.z.h.HikariDataSource]: 
permission-plugin - Shutdown completed.
INFO  2026-08-19 11:29:56.868 #23612 [-smarthttp-16][*][c.z.h.HikariDataSource]: 
permission-plugin - Starting...
INFO  2026-08-19 11:29:56.874 #23612 [-smarthttp-16][*][c.z.h.HikariDataSource]: 
permission-plugin - Start completed.
INFO  2026-08-19 11:29:56.883 #23612 [-smarthttp-16][*][c.z.h.HikariDataSource]: 
permission-plugin - Shutdown initiated...
INFO  2026-08-19 11:29:56.884 #23612 [-smarthttp-16][*][c.z.h.HikariDataSource]: 
permission-plugin - Shutdown completed.
INFO  2026-08-19 11:29:56.890 #23612 [-smarthttp-16][*][c.z.h.HikariDataSource]: 
permission-plugin - Starting...
INFO  2026-08-19 11:29:56.894 #23612 [-smarthttp-16][*][c.z.h.HikariDataSource]: 
permission-plugin - Start completed.
INFO  2026-08-19 11:29:56.900 #23612 [-smarthttp-16][*][c.z.h.HikariDataSource]: 
permission-plugin - Shutdown initiated...
INFO  2026-08-19 11:29:56.901 #23612 [-smarthttp-16][*][c.z.h.HikariDataSource]: 
permission-plugin - Shutdown completed.
INFO  2026-08-19 11:29:56.906 #23612 [-smarthttp-16][*][c.z.h.HikariDataSource]: 
permission-plugin - Starting...
INFO  2026-08-19 11:29:56.909 #23612 [-smarthttp-16][*][c.z.h.HikariDataSource]: 
permission-plugin - Start completed.
INFO  2026-08-19 11:29:56.917 #23612 [-smarthttp-16][*][c.z.h.HikariDataSource]: 
permission-plugin - Shutdown initiated...
INFO  2026-08-19 11:29:56.917 #23612 [-smarthttp-16][*][c.z.h.HikariDataSource]: 
permission-plugin - Shutdown completed.
INFO  2026-08-19 11:29:56.922 #23612 [-smarthttp-16][*][c.z.h.HikariDataSource]: 
permission-plugin - Starting...
INFO  2026-08-19 11:29:56.926 #23612 [-smarthttp-16][*][c.z.h.HikariDataSource]: 
permission-plugin - Start completed.
INFO  2026-08-19 11:29:56.941 #23612 [-smarthttp-16][*][c.z.h.HikariDataSource]: 
permission-plugin - Shutdown initiated...
INFO  2026-08-19 11:29:56.942 #23612 [-smarthttp-16][*][c.z.h.HikariDataSource]: 
permission-plugin - Shutdown completed.
INFO  2026-08-19 11:29:56.946 #23612 [-smarthttp-16][*][c.z.h.HikariDataSource]: 
permission-plugin - Starting...
INFO  2026-08-19 11:29:56.949 #23612 [-smarthttp-16][*][c.z.h.HikariDataSource]: 
permission-plugin - Start completed.
INFO  2026-08-19 11:29:56.955 #23612 [-smarthttp-16][*][c.z.h.HikariDataSource]: 
permission-plugin - Shutdown initiated...
INFO  2026-08-19 11:29:56.955 #23612 [-smarthttp-16][*][c.z.h.HikariDataSource]: 
permission-plugin - Shutdown completed.
INFO  2026-08-19 11:29:56.959 #23612 [-smarthttp-16][*][c.z.h.HikariDataSource]: 
permission-plugin - Starting...
INFO  2026-08-19 11:29:56.964 #23612 [-smarthttp-16][*][c.z.h.HikariDataSource]: 
permission-plugin - Start completed.
INFO  2026-08-19 11:29:56.970 #23612 [-smarthttp-16][*][c.z.h.HikariDataSource]: 
permission-plugin - Shutdown initiated...
INFO  2026-08-19 11:29:56.970 #23612 [-smarthttp-16][*][c.z.h.HikariDataSource]: 
permission-plugin - Shutdown completed.
INFO  2026-08-19 11:29:56.973 #23612 [-smarthttp-16][*][c.z.h.HikariDataSource]: 
permission-plugin - Starting...
INFO  2026-08-19 11:29:56.977 #23612 [-smarthttp-16][*][c.z.h.HikariDataSource]: 
permission-plugin - Start completed.
INFO  2026-08-19 11:29:56.985 #23612 [-smarthttp-16][*][c.z.h.HikariDataSource]: 
permission-plugin - Shutdown initiated...
INFO  2026-08-19 11:29:56.987 #23612 [-smarthttp-16][*][c.z.h.HikariDataSource]: 
permission-plugin - Shutdown completed.
INFO  2026-08-19 11:29:56.991 #23612 [-smarthttp-16][*][c.z.h.HikariDataSource]: 
permission-plugin - Starting...
INFO  2026-08-19 11:29:56.995 #23612 [-smarthttp-16][*][c.z.h.HikariDataSource]: 
permission-plugin - Start completed.
INFO  2026-08-19 11:29:57.002 #23612 [-smarthttp-16][*][c.z.h.HikariDataSource]: 
permission-plugin - Shutdown initiated...
INFO  2026-08-19 11:29:57.003 #23612 [-smarthttp-16][*][c.z.h.HikariDataSource]: 
permission-plugin - Shutdown completed.
INFO  2026-08-19 11:29:57.007 #23612 [-smarthttp-16][*][c.z.h.HikariDataSource]: 
permission-plugin - Starting...
INFO  2026-08-19 11:29:57.010 #23612 [-smarthttp-16][*][c.z.h.HikariDataSource]: 
permission-plugin - Start completed.
INFO  2026-08-19 11:29:57.019 #23612 [-smarthttp-16][*][c.z.h.HikariDataSource]: 
permission-plugin - Shutdown initiated...
INFO  2026-08-19 11:29:57.020 #23612 [-smarthttp-16][*][c.z.h.HikariDataSource]: 
permission-plugin - Shutdown completed.
INFO  2026-08-19 11:29:57.024 #23612 [-smarthttp-16][*][c.z.h.HikariDataSource]: 
permission-plugin - Starting...
INFO  2026-08-19 11:29:57.028 #23612 [-smarthttp-16][*][c.z.h.HikariDataSource]: 
permission-plugin - Start completed.
INFO  2026-08-19 11:29:57.035 #23612 [-smarthttp-16][*][c.z.h.HikariDataSource]: 
permission-plugin - Shutdown initiated...
INFO  2026-08-19 11:29:57.035 #23612 [-smarthttp-16][*][c.z.h.HikariDataSource]: 
permission-plugin - Shutdown completed.
INFO  2026-08-19 11:29:57.040 #23612 [-smarthttp-16][*][c.z.h.HikariDataSource]: 
permission-plugin - Starting...
INFO  2026-08-19 11:29:57.045 #23612 [-smarthttp-16][*][c.z.h.HikariDataSource]: 
permission-plugin - Start completed.
INFO  2026-08-19 11:29:57.052 #23612 [-smarthttp-16][*][c.z.h.HikariDataSource]: 
permission-plugin - Shutdown initiated...
INFO  2026-08-19 11:29:57.052 #23612 [-smarthttp-16][*][c.z.h.HikariDataSource]: 
permission-plugin - Shutdown completed.
INFO  2026-08-19 11:29:57.058 #23612 [-smarthttp-16][*][c.z.h.HikariDataSource]: 
permission-plugin - Starting...
INFO  2026-08-19 11:29:57.063 #23612 [-smarthttp-16][*][c.z.h.HikariDataSource]: 
permission-plugin - Start completed.
INFO  2026-08-19 11:29:57.072 #23612 [-smarthttp-16][*][c.z.h.HikariDataSource]: 
permission-plugin - Shutdown initiated...
INFO  2026-08-19 11:29:57.074 #23612 [-smarthttp-16][*][c.z.h.HikariDataSource]: 
permission-plugin - Shutdown completed.
INFO  2026-08-19 11:29:57.079 #23612 [-smarthttp-16][*][c.z.h.HikariDataSource]: 
permission-plugin - Starting...
INFO  2026-08-19 11:29:57.087 #23612 [-smarthttp-16][*][c.z.h.HikariDataSource]: 
permission-plugin - Start completed.
INFO  2026-08-19 11:29:57.094 #23612 [-smarthttp-16][*][c.z.h.HikariDataSource]: 
permission-plugin - Shutdown initiated...
INFO  2026-08-19 11:29:57.094 #23612 [-smarthttp-16][*][c.z.h.HikariDataSource]: 
permission-plugin - Shutdown completed.
INFO  2026-08-19 11:29:57.100 #23612 [-smarthttp-16][*][c.z.h.HikariDataSource]: 
permission-plugin - Starting...
INFO  2026-08-19 11:29:57.104 #23612 [-smarthttp-16][*][c.z.h.HikariDataSource]: 
permission-plugin - Start completed.
INFO  2026-08-19 11:29:57.110 #23612 [-smarthttp-16][*][c.z.h.HikariDataSource]: 
permission-plugin - Shutdown initiated...
INFO  2026-08-19 11:29:57.111 #23612 [-smarthttp-16][*][c.z.h.HikariDataSource]: 
permission-plugin - Shutdown completed.
INFO  2026-08-19 11:29:57.115 #23612 [-smarthttp-16][*][c.z.h.HikariDataSource]: 
permission-plugin - Starting...
INFO  2026-08-19 11:29:57.119 #23612 [-smarthttp-16][*][c.z.h.HikariDataSource]: 
permission-plugin - Start completed.
INFO  2026-08-19 11:29:57.127 #23612 [-smarthttp-16][*][c.z.h.HikariDataSource]: 
permission-plugin - Shutdown initiated...
INFO  2026-08-19 11:29:57.129 #23612 [-smarthttp-16][*][c.z.h.HikariDataSource]: 
permission-plugin - Shutdown completed.
INFO  2026-08-19 11:29:57.134 #23612 [-smarthttp-16][*][c.z.h.HikariDataSource]: 
permission-plugin - Starting...
INFO  2026-08-19 11:29:57.138 #23612 [-smarthttp-16][*][c.z.h.HikariDataSource]: 
permission-plugin - Start completed.
INFO  2026-08-19 11:29:57.143 #23612 [-smarthttp-16][*][c.z.h.HikariDataSource]: 
permission-plugin - Shutdown initiated...
INFO  2026-08-19 11:29:57.144 #23612 [-smarthttp-16][*][c.z.h.HikariDataSource]: 
permission-plugin - Shutdown completed.
INFO  2026-08-19 11:29:57.148 #23612 [-smarthttp-16][*][c.z.h.HikariDataSource]: 
permission-plugin - Starting...
INFO  2026-08-19 11:29:57.153 #23612 [-smarthttp-16][*][c.z.h.HikariDataSource]: 
permission-plugin - Start completed.
INFO  2026-08-19 11:29:57.160 #23612 [-smarthttp-16][*][c.z.h.HikariDataSource]: 
permission-plugin - Shutdown initiated...
INFO  2026-08-19 11:29:57.161 #23612 [-smarthttp-16][*][c.z.h.HikariDataSource]: 
permission-plugin - Shutdown completed.
INFO  2026-08-19 11:29:57.168 #23612 [-smarthttp-16][*][c.z.h.HikariDataSource]: 
permission-plugin - Starting...
INFO  2026-08-19 11:29:57.171 #23612 [-smarthttp-16][*][c.z.h.HikariDataSource]: 
permission-plugin - Start completed.
INFO  2026-08-19 11:29:57.177 #23612 [-smarthttp-16][*][c.z.h.HikariDataSource]: 
permission-plugin - Shutdown initiated...
INFO  2026-08-19 11:29:57.179 #23612 [-smarthttp-16][*][c.z.h.HikariDataSource]: 
permission-plugin - Shutdown completed.
INFO  2026-08-19 11:29:57.185 #23612 [-smarthttp-16][*][c.z.h.HikariDataSource]: 
permission-plugin - Starting...
INFO  2026-08-19 11:29:57.188 #23612 [-smarthttp-16][*][c.z.h.HikariDataSource]: 
permission-plugin - Start completed.
INFO  2026-08-19 11:29:57.195 #23612 [-smarthttp-16][*][c.z.h.HikariDataSource]: 
permission-plugin - Shutdown initiated...
INFO  2026-08-19 11:29:57.196 #23612 [-smarthttp-16][*][c.z.h.HikariDataSource]: 
permission-plugin - Shutdown completed.
INFO  2026-08-19 11:29:57.200 #23612 [-smarthttp-16][*][c.z.h.HikariDataSource]: 
permission-plugin - Starting...
INFO  2026-08-19 11:29:57.206 #23612 [-smarthttp-16][*][c.z.h.HikariDataSource]: 
permission-plugin - Start completed.
INFO  2026-08-19 11:29:57.218 #23612 [-smarthttp-16][*][c.z.h.HikariDataSource]: 
permission-plugin - Shutdown initiated...
INFO  2026-08-19 11:29:57.218 #23612 [-smarthttp-16][*][c.z.h.HikariDataSource]: 
permission-plugin - Shutdown completed.
INFO  2026-08-19 11:29:57.222 #23612 [-smarthttp-16][*][c.z.h.HikariDataSource]: 
permission-plugin - Starting...
INFO  2026-08-19 11:29:57.225 #23612 [-smarthttp-16][*][c.z.h.HikariDataSource]: 
permission-plugin - Start completed.
INFO  2026-08-19 11:29:57.232 #23612 [-smarthttp-16][*][c.z.h.HikariDataSource]: 
permission-plugin - Shutdown initiated...
INFO  2026-08-19 11:29:57.233 #23612 [-smarthttp-16][*][c.z.h.HikariDataSource]: 
permission-plugin - Shutdown completed.
INFO  2026-08-19 11:29:57.237 #23612 [-smarthttp-16][*][c.z.h.HikariDataSource]: 
permission-plugin - Starting...
INFO  2026-08-19 11:29:57.241 #23612 [-smarthttp-16][*][c.z.h.HikariDataSource]: 
permission-plugin - Start completed.
INFO  2026-08-19 11:29:57.249 #23612 [-smarthttp-16][*][c.z.h.HikariDataSource]: 
permission-plugin - Shutdown initiated...
INFO  2026-08-19 11:29:57.250 #23612 [-smarthttp-16][*][c.z.h.HikariDataSource]: 
permission-plugin - Shutdown completed.
INFO  2026-08-19 11:29:57.255 #23612 [-smarthttp-16][*][c.z.h.HikariDataSource]: 
permission-plugin - Starting...
INFO  2026-08-19 11:29:57.260 #23612 [-smarthttp-16][*][c.z.h.HikariDataSource]: 
permission-plugin - Start completed.
INFO  2026-08-19 11:29:57.266 #23612 [-smarthttp-16][*][c.z.h.HikariDataSource]: 
permission-plugin - Shutdown initiated...
INFO  2026-08-19 11:29:57.269 #23612 [-smarthttp-16][*][c.z.h.HikariDataSource]: 
permission-plugin - Shutdown completed.
INFO  2026-08-19 11:29:57.274 #23612 [-smarthttp-16][*][c.z.h.HikariDataSource]: 
permission-plugin - Starting...
INFO  2026-08-19 11:29:57.279 #23612 [-smarthttp-16][*][c.z.h.HikariDataSource]: 
permission-plugin - Start completed.
INFO  2026-08-19 11:29:57.288 #23612 [-smarthttp-16][*][c.z.h.HikariDataSource]: 
permission-plugin - Shutdown initiated...
INFO  2026-08-19 11:29:57.290 #23612 [-smarthttp-16][*][c.z.h.HikariDataSource]: 
permission-plugin - Shutdown completed.
INFO  2026-08-19 11:29:57.296 #23612 [-smarthttp-16][*][c.z.h.HikariDataSource]: 
permission-plugin - Starting...
INFO  2026-08-19 11:29:57.299 #23612 [-smarthttp-16][*][c.z.h.HikariDataSource]: 
permission-plugin - Start completed.
INFO  2026-08-19 11:29:57.307 #23612 [-smarthttp-16][*][c.z.h.HikariDataSource]: 
permission-plugin - Shutdown initiated...
INFO  2026-08-19 11:29:57.307 #23612 [-smarthttp-16][*][c.z.h.HikariDataSource]: 
permission-plugin - Shutdown completed.
INFO  2026-08-19 11:29:57.317 #23612 [-smarthttp-16][*][c.z.h.HikariDataSource]: 
permission-plugin - Starting...
INFO  2026-08-19 11:29:57.324 #23612 [-smarthttp-16][*][c.z.h.HikariDataSource]: 
permission-plugin - Start completed.
INFO  2026-08-19 11:29:57.332 #23612 [-smarthttp-16][*][c.z.h.HikariDataSource]: 
permission-plugin - Shutdown initiated...
INFO  2026-08-19 11:29:57.332 #23612 [-smarthttp-16][*][c.z.h.HikariDataSource]: 
permission-plugin - Shutdown completed.
INFO  2026-08-19 11:29:57.341 #23612 [-smarthttp-16][*][c.z.h.HikariDataSource]: 
permission-plugin - Starting...
INFO  2026-08-19 11:29:57.344 #23612 [-smarthttp-16][*][c.z.h.HikariDataSource]: 
permission-plugin - Start completed.
INFO  2026-08-19 11:30:34.595 #23612 [-smarthttp-16][*][c.z.h.HikariDataSource]: 
permission-plugin - Shutdown initiated...
INFO  2026-08-19 11:30:34.597 #23612 [-smarthttp-16][*][c.z.h.HikariDataSource]: 
permission-plugin - Shutdown completed.
INFO  2026-08-19 11:30:34.609 #23612 [-smarthttp-16][*][c.z.h.HikariDataSource]: 
permission-plugin - Starting...
INFO  2026-08-19 11:30:34.615 #23612 [-smarthttp-16][*][c.z.h.HikariDataSource]: 
permission-plugin - Start completed.
INFO  2026-08-19 11:30:50.412 #23612 [-smarthttp-16][*][c.z.h.HikariDataSource]: 
permission-plugin - Shutdown initiated...
INFO  2026-08-19 11:30:50.414 #23612 [-smarthttp-16][*][c.z.h.HikariDataSource]: 
permission-plugin - Shutdown completed.
INFO  2026-08-19 11:30:50.460 #23612 [-smarthttp-16][*][c.z.h.HikariDataSource]: 
permission-plugin - Starting...
INFO  2026-08-19 11:30:50.465 #23612 [-smarthttp-16][*][c.z.h.HikariDataSource]: 
permission-plugin - Start completed.
INFO  2026-08-19 11:32:50.962 #40696 [-main][*][o.noear.solon.Solon]: 
App: Start loading
INFO  2026-08-19 11:32:51.314 #40696 [-main][*][c.z.h.HikariDataSource]: 
permission-plugin - Starting...
INFO  2026-08-19 11:32:51.552 #40696 [-main][*][c.z.h.HikariDataSource]: 
permission-plugin - Start completed.
INFO  2026-08-19 11:32:52.076 #40696 [-main][*][o.n.s.s.s.i.SmHttpPlugin]: 
solon.connector:main: smarthttp: Started ServerConnector@{HTTP/1.1,[http/1.1]}{http://localhost:18080}
INFO  2026-08-19 11:32:52.076 #40696 [-main][*][o.n.s.s.s.i.SmHttpPlugin]: 
Server:main: smarthttp: Started (smart http 2.5/4.0.6) @178ms
INFO  2026-08-19 11:32:52.076 #40696 [-main][*][o.noear.solon.Solon]: 
App: End loading elapsed=1425ms pid=40696 v=4.0.6
INFO  2026-08-19 13:58:07.313 #43324 [-main][*][o.noear.solon.Solon]: 
App: Start loading
INFO  2026-08-19 13:58:07.551 #43324 [-main][*][c.z.h.HikariDataSource]: 
permission-plugin - Starting...
INFO  2026-08-19 13:58:07.739 #43324 [-main][*][c.z.h.HikariDataSource]: 
permission-plugin - Start completed.
INFO  2026-08-19 13:58:08.209 #43324 [-main][*][o.n.s.s.s.i.SmHttpPlugin]: 
solon.connector:main: smarthttp: Started ServerConnector@{HTTP/1.1,[http/1.1]}{http://localhost:18081}
INFO  2026-08-19 13:58:08.209 #43324 [-main][*][o.n.s.s.s.i.SmHttpPlugin]: 
Server:main: smarthttp: Started (smart http 2.5/4.0.6) @165ms
INFO  2026-08-19 13:58:08.215 #43324 [-main][*][o.noear.solon.Solon]: 
App: End loading elapsed=1407ms pid=43324 v=4.0.6
INFO  2026-08-19 14:01:07.600 #43324 [-smarthttp-16][*][c.z.h.HikariDataSource]: 
permission-plugin - Shutdown initiated...
INFO  2026-08-19 14:01:07.610 #43324 [-smarthttp-16][*][c.z.h.HikariDataSource]: 
permission-plugin - Shutdown completed.
INFO  2026-08-19 14:01:07.629 #43324 [-smarthttp-16][*][c.z.h.HikariDataSource]: 
permission-plugin - Starting...
INFO  2026-08-19 14:01:07.637 #43324 [-smarthttp-16][*][c.z.h.HikariDataSource]: 
permission-plugin - Start completed.
WARN  2026-08-19 14:01:07.642 #43324 [-smarthttp-16][*][o.n.s.c.r.RoutingDefault]: 
The routing replaced: '/system/extValue/{entityType}/{entityId}'
WARN  2026-08-19 14:01:07.642 #43324 [-smarthttp-16][*][o.n.s.c.r.RoutingDefault]: 
The routing replaced: '/system/extValue'
WARN  2026-08-19 14:01:07.643 #43324 [-smarthttp-16][*][o.n.s.c.r.RoutingDefault]: 
The routing replaced: '/system/extValue/{entityType}/{entityId}'
WARN  2026-08-19 14:01:07.643 #43324 [-smarthttp-16][*][o.n.s.c.r.RoutingDefault]: 
The routing replaced: '/system/extValue/{entityType}/{entityId}/{fieldKey}'
INFO  2026-08-19 14:07:03.666 #2716 [-main][*][o.noear.solon.Solon]: 
App: Start loading
INFO  2026-08-19 14:07:03.910 #2716 [-main][*][c.z.h.HikariDataSource]: 
permission-plugin - Starting...
INFO  2026-08-19 14:07:04.090 #2716 [-main][*][c.z.h.HikariDataSource]: 
permission-plugin - Start completed.
INFO  2026-08-19 14:07:04.578 #2716 [-main][*][o.n.s.s.s.i.SmHttpPlugin]: 
solon.connector:main: smarthttp: Started ServerConnector@{HTTP/1.1,[http/1.1]}{http://localhost:18081}
INFO  2026-08-19 14:07:04.579 #2716 [-main][*][o.n.s.s.s.i.SmHttpPlugin]: 
Server:main: smarthttp: Started (smart http 2.5/4.0.6) @166ms
INFO  2026-08-19 14:07:04.580 #2716 [-main][*][o.noear.solon.Solon]: 
App: End loading elapsed=1177ms pid=2716 v=4.0.6
INFO  2026-08-19 14:09:33.576 #2716 [-smarthttp-2][*][c.z.h.HikariDataSource]: 
permission-plugin - Shutdown initiated...
INFO  2026-08-19 14:09:33.583 #2716 [-smarthttp-2][*][c.z.h.HikariDataSource]: 
permission-plugin - Shutdown completed.
INFO  2026-08-19 14:09:33.650 #2716 [-smarthttp-4][*][c.z.h.HikariDataSource]: 
permission-plugin - Starting...
INFO  2026-08-19 14:09:33.656 #2716 [-smarthttp-4][*][c.z.h.HikariDataSource]: 
permission-plugin - Start completed.
INFO  2026-08-19 14:09:33.752 #2716 [-smarthttp-6][*][c.z.h.HikariDataSource]: 
permission-plugin - Shutdown initiated...
INFO  2026-08-19 14:09:33.753 #2716 [-smarthttp-6][*][c.z.h.HikariDataSource]: 
permission-plugin - Shutdown completed.
INFO  2026-08-19 14:09:33.763 #2716 [-smarthttp-8][*][c.z.h.HikariDataSource]: 
permission-plugin - Starting...
INFO  2026-08-19 14:09:33.769 #2716 [-smarthttp-8][*][c.z.h.HikariDataSource]: 
permission-plugin - Start completed.
INFO  2026-08-19 14:21:29.715 #40148 [-main][*][o.noear.solon.Solon]: 
App: Start loading
INFO  2026-08-19 14:21:30.061 #40148 [-main][*][c.z.h.HikariDataSource]: 
permission-plugin - Starting...
INFO  2026-08-19 14:21:30.324 #40148 [-main][*][c.z.h.HikariDataSource]: 
permission-plugin - Start completed.
INFO  2026-08-19 14:21:31.186 #40148 [-main][*][o.n.s.s.s.i.SmHttpPlugin]: 
solon.connector:main: smarthttp: Started ServerConnector@{HTTP/1.1,[http/1.1]}{http://localhost:8080}
INFO  2026-08-19 14:21:31.187 #40148 [-main][*][o.n.s.s.s.i.SmHttpPlugin]: 
Server:main: smarthttp: Started (smart http 2.5/4.0.6) @323ms
INFO  2026-08-19 14:21:31.188 #40148 [-main][*][o.noear.solon.Solon]: 
App: End loading elapsed=1748ms pid=40148 v=4.0.6
WARN  2026-08-19 14:23:29.516 #40148 [-smarthttp-10][*][o.n.solon.SolonApp]: 
SolonApp tryHandle failed!
com.fasterxml.jackson.databind.exc.UnrecognizedPropertyException: Unrecognized field "code" (class yh.hotplugin.system.integration.LoginRequest), not marked as ignorable (3 known properties: "password", "tenantId", "username"])
 at [Source: REDACTED (`StreamReadFeature.INCLUDE_SOURCE_IN_LOCATION` disabled); line: 1, column: 64] (through reference chain: yh.hotplugin.system.integration.LoginRequest["code"])
	at com.fasterxml.jackson.databind.exc.UnrecognizedPropertyException.from(UnrecognizedPropertyException.java:61)
	at com.fasterxml.jackson.databind.DeserializationContext.handleUnknownProperty(DeserializationContext.java:1153)
	at com.fasterxml.jackson.databind.deser.std.StdDeserializer.handleUnknownProperty(StdDeserializer.java:2241)
	at com.fasterxml.jackson.databind.deser.BeanDeserializerBase.handleUnknownProperty(BeanDeserializerBase.java:1793)
	at com.fasterxml.jackson.databind.deser.BeanDeserializerBase.handleUnknownVanilla(BeanDeserializerBase.java:1771)
	at com.fasterxml.jackson.databind.deser.BeanDeserializer.vanillaDeserialize(BeanDeserializer.java:316)
	at com.fasterxml.jackson.databind.deser.BeanDeserializer.deserialize(BeanDeserializer.java:177)
	at com.fasterxml.jackson.databind.deser.DefaultDeserializationContext.readRootValue(DefaultDeserializationContext.java:342)
	at com.fasterxml.jackson.databind.ObjectMapper._readMapAndClose(ObjectMapper.java:4905)
	at com.fasterxml.jackson.databind.ObjectMapper.readValue(ObjectMapper.java:3848)
	at com.fasterxml.jackson.databind.ObjectMapper.readValue(ObjectMapper.java:3816)
	at yh.hotplugin.system.integration.SecureSystemSolonPlugin.login(SecureSystemSolonPlugin.java:11)
	at yh.hotplugin.system.integration.SecureSystemSolonPlugin.lambda$registerRoutes$2(SecureSystemSolonPlugin.java:8)
	at org.noear.solon.core.route.RouterHandler.handleMain(RouterHandler.java:51)
	at org.noear.solon.core.route.RouterHandler.handle1(RouterHandler.java:71)
	at org.noear.solon.core.route.RouterInterceptorChainImpl.doIntercept(RouterInterceptorChainImpl.java:54)
	at org.noear.solon.core.ChainManager.doRouterIntercept(ChainManager.java:226)
	at org.noear.solon.core.route.RouterHandler.handle(RouterHandler.java:103)
	at org.noear.solon.core.handle.HandlerPipeline.handle(HandlerPipeline.java:53)
	at org.noear.solon.core.handle.FilterChainImpl.doFilter(FilterChainImpl.java:51)
	at yh.hotplugin.security.HostSecurityFilter.doFilter(HostSecurityFilter.java:7)
	at org.noear.solon.core.handle.FilterChainImpl.doFilter(FilterChainImpl.java:49)
	at org.noear.solon.logging.integration.MdcClearFilter.doFilter(MdcClearFilter.java:33)
	at org.noear.solon.core.handle.FilterChainImpl.doFilter(FilterChainImpl.java:49)
	at org.noear.solon.core.ChainManager.doFilter(ChainManager.java:119)
	at org.noear.solon.SolonApp.lambda$tryHandle$6(SolonApp.java:580)
	at org.noear.solon.util.ScopeLocalJdk8.with(ScopeLocalJdk8.java:58)
	at org.noear.solon.core.handle.Context.currentWith(Context.java:66)
	at org.noear.solon.SolonApp.tryHandle(SolonApp.java:575)
	at org.noear.solon.server.smarthttp.http.SmHttpContextHandler.handleDo(SmHttpContextHandler.java:123)
	at org.noear.solon.server.smarthttp.http.SmHttpContextHandler.handle0(SmHttpContextHandler.java:101)
	at org.noear.solon.server.smarthttp.http.SmHttpContextHandler.lambda$handle$0(SmHttpContextHandler.java:86)
	at java.base/java.util.concurrent.ThreadPoolExecutor.runWorker(ThreadPoolExecutor.java:1136)
	at java.base/java.util.concurrent.ThreadPoolExecutor$Worker.run(ThreadPoolExecutor.java:635)
	at java.base/java.lang.Thread.run(Thread.java:833)
WARN  2026-08-19 14:23:29.524 #40148 [-smarthttp-11][*][o.n.solon.SolonApp]: 
SolonApp tryHandle failed!
com.fasterxml.jackson.databind.exc.UnrecognizedPropertyException: Unrecognized field "code" (class yh.hotplugin.system.integration.LoginRequest), not marked as ignorable (3 known properties: "password", "tenantId", "username"])
 at [Source: REDACTED (`StreamReadFeature.INCLUDE_SOURCE_IN_LOCATION` disabled); line: 1, column: 64] (through reference chain: yh.hotplugin.system.integration.LoginRequest["code"])
	at com.fasterxml.jackson.databind.exc.UnrecognizedPropertyException.from(UnrecognizedPropertyException.java:61)
	at com.fasterxml.jackson.databind.DeserializationContext.handleUnknownProperty(DeserializationContext.java:1153)
	at com.fasterxml.jackson.databind.deser.std.StdDeserializer.handleUnknownProperty(StdDeserializer.java:2241)
	at com.fasterxml.jackson.databind.deser.BeanDeserializerBase.handleUnknownProperty(BeanDeserializerBase.java:1793)
	at com.fasterxml.jackson.databind.deser.BeanDeserializerBase.handleUnknownVanilla(BeanDeserializerBase.java:1771)
	at com.fasterxml.jackson.databind.deser.BeanDeserializer.vanillaDeserialize(BeanDeserializer.java:316)
	at com.fasterxml.jackson.databind.deser.BeanDeserializer.deserialize(BeanDeserializer.java:177)
	at com.fasterxml.jackson.databind.deser.DefaultDeserializationContext.readRootValue(DefaultDeserializationContext.java:342)
	at com.fasterxml.jackson.databind.ObjectMapper._readMapAndClose(ObjectMapper.java:4905)
	at com.fasterxml.jackson.databind.ObjectMapper.readValue(ObjectMapper.java:3848)
	at com.fasterxml.jackson.databind.ObjectMapper.readValue(ObjectMapper.java:3816)
	at yh.hotplugin.system.integration.SecureSystemSolonPlugin.login(SecureSystemSolonPlugin.java:11)
	at yh.hotplugin.system.integration.SecureSystemSolonPlugin.lambda$registerRoutes$2(SecureSystemSolonPlugin.java:8)
	at org.noear.solon.core.route.RouterHandler.handleMain(RouterHandler.java:51)
	at org.noear.solon.core.route.RouterHandler.handle1(RouterHandler.java:71)
	at org.noear.solon.core.route.RouterInterceptorChainImpl.doIntercept(RouterInterceptorChainImpl.java:54)
	at org.noear.solon.core.ChainManager.doRouterIntercept(ChainManager.java:226)
	at org.noear.solon.core.route.RouterHandler.handle(RouterHandler.java:103)
	at org.noear.solon.core.handle.HandlerPipeline.handle(HandlerPipeline.java:53)
	at org.noear.solon.core.handle.FilterChainImpl.doFilter(FilterChainImpl.java:51)
	at yh.hotplugin.security.HostSecurityFilter.doFilter(HostSecurityFilter.java:7)
	at org.noear.solon.core.handle.FilterChainImpl.doFilter(FilterChainImpl.java:49)
	at org.noear.solon.logging.integration.MdcClearFilter.doFilter(MdcClearFilter.java:33)
	at org.noear.solon.core.handle.FilterChainImpl.doFilter(FilterChainImpl.java:49)
	at org.noear.solon.core.ChainManager.doFilter(ChainManager.java:119)
	at org.noear.solon.SolonApp.lambda$tryHandle$6(SolonApp.java:580)
	at org.noear.solon.util.ScopeLocalJdk8.with(ScopeLocalJdk8.java:58)
	at org.noear.solon.core.handle.Context.currentWith(Context.java:66)
	at org.noear.solon.SolonApp.tryHandle(SolonApp.java:575)
	at org.noear.solon.server.smarthttp.http.SmHttpContextHandler.handleDo(SmHttpContextHandler.java:123)
	at org.noear.solon.server.smarthttp.http.SmHttpContextHandler.handle0(SmHttpContextHandler.java:101)
	at org.noear.solon.server.smarthttp.http.SmHttpContextHandler.lambda$handle$0(SmHttpContextHandler.java:86)
	at java.base/java.util.concurrent.ThreadPoolExecutor.runWorker(ThreadPoolExecutor.java:1136)
	at java.base/java.util.concurrent.ThreadPoolExecutor$Worker.run(ThreadPoolExecutor.java:635)
	at java.base/java.lang.Thread.run(Thread.java:833)
INFO  2026-08-19 15:07:00.713 #40148 [-Thread-0][*][o.n.s.s.s.i.SmHttpPlugin]: 
Server:main: smarthttp: Has Stopped (smart http 2.5/4.0.6)
INFO  2026-08-19 15:07:00.768 #40148 [-Thread-0][*][o.noear.solon.Solon]: 
App: Stopped
INFO  2026-08-19 15:07:02.514 #33724 [-main][*][o.noear.solon.Solon]: 
App: Start loading
INFO  2026-08-19 15:07:02.744 #33724 [-main][*][c.z.h.HikariDataSource]: 
permission-plugin - Starting...
INFO  2026-08-19 15:07:02.966 #33724 [-main][*][c.z.h.HikariDataSource]: 
permission-plugin - Start completed.
INFO  2026-08-19 15:07:03.627 #33724 [-main][*][o.n.s.s.s.i.SmHttpPlugin]: 
solon.connector:main: smarthttp: Started ServerConnector@{HTTP/1.1,[http/1.1]}{http://localhost:8080}
INFO  2026-08-19 15:07:03.628 #33724 [-main][*][o.n.s.s.s.i.SmHttpPlugin]: 
Server:main: smarthttp: Started (smart http 2.5/4.0.6) @326ms
INFO  2026-08-19 15:07:03.628 #33724 [-main][*][o.noear.solon.Solon]: 
App: End loading elapsed=1309ms pid=33724 v=4.0.6
WARN  2026-08-19 16:23:54.961 #33724 [-smarthttp-12][*][o.n.solon.SolonApp]: 
SolonApp tryHandle failed!
java.lang.NoClassDefFoundError: redis/clients/jedis/GeoCoordinate
	at redis.clients.jedis.CommandArguments.add(CommandArguments.java:49)
	at redis.clients.jedis.CommandObjects.setex(CommandObjects.java:470)
	at redis.clients.jedis.Jedis.setex(Jedis.java:5399)
	at yh.hotplugin.system.infrastructure.RedisSecurityStore.putCaptcha(RedisSecurityStore.java:60)
	at yh.hotplugin.system.integration.SecureSystemSolonPlugin.captcha(SecureSystemSolonPlugin.java:15)
	at org.noear.solon.core.route.RouterHandler.handleMain(RouterHandler.java:51)
	at org.noear.solon.core.route.RouterHandler.handle1(RouterHandler.java:71)
	at org.noear.solon.core.route.RouterInterceptorChainImpl.doIntercept(RouterInterceptorChainImpl.java:54)
	at org.noear.solon.core.ChainManager.doRouterIntercept(ChainManager.java:226)
	at org.noear.solon.core.route.RouterHandler.handle(RouterHandler.java:103)
	at org.noear.solon.core.handle.HandlerPipeline.handle(HandlerPipeline.java:53)
	at org.noear.solon.core.handle.FilterChainImpl.doFilter(FilterChainImpl.java:51)
	at yh.hotplugin.security.HostSecurityFilter.doFilter(HostSecurityFilter.java:7)
	at org.noear.solon.core.handle.FilterChainImpl.doFilter(FilterChainImpl.java:49)
	at org.noear.solon.logging.integration.MdcClearFilter.doFilter(MdcClearFilter.java:33)
	at org.noear.solon.core.handle.FilterChainImpl.doFilter(FilterChainImpl.java:49)
	at org.noear.solon.core.ChainManager.doFilter(ChainManager.java:119)
	at org.noear.solon.SolonApp.lambda$tryHandle$6(SolonApp.java:580)
	at org.noear.solon.util.ScopeLocalJdk8.with(ScopeLocalJdk8.java:58)
	at org.noear.solon.core.handle.Context.currentWith(Context.java:66)
	at org.noear.solon.SolonApp.tryHandle(SolonApp.java:575)
	at org.noear.solon.server.smarthttp.http.SmHttpContextHandler.handleDo(SmHttpContextHandler.java:123)
	at org.noear.solon.server.smarthttp.http.SmHttpContextHandler.handle0(SmHttpContextHandler.java:101)
	at org.noear.solon.server.smarthttp.http.SmHttpContextHandler.lambda$handle$0(SmHttpContextHandler.java:86)
	at java.base/java.util.concurrent.ThreadPoolExecutor.runWorker(ThreadPoolExecutor.java:1136)
	at java.base/java.util.concurrent.ThreadPoolExecutor$Worker.run(ThreadPoolExecutor.java:635)
	at java.base/java.lang.Thread.run(Thread.java:833)
Caused by: java.lang.ClassNotFoundException: redis.clients.jedis.GeoCoordinate
	at java.base/java.net.URLClassLoader$1.run(URLClassLoader.java:429)
	at java.base/java.net.URLClassLoader$1.run(URLClassLoader.java:421)
	at java.base/java.security.AccessController.doPrivileged(AccessController.java:712)
	at java.base/java.net.URLClassLoader.findClass(URLClassLoader.java:420)
	at java.base/java.lang.ClassLoader.loadClass(ClassLoader.java:587)
	at java.base/java.lang.ClassLoader.loadClass(ClassLoader.java:520)
	at org.noear.solon.core.AppClassLoader.loadClass(AppClassLoader.java:209)
	... 27 common frames omitted
Caused by: java.util.zip.ZipException: ZipFile invalid LOC header (bad signature)
	at java.base/java.util.zip.ZipFile$ZipFileInputStream.initDataOffset(ZipFile.java:920)
	at java.base/java.util.zip.ZipFile$ZipFileInputStream.read(ZipFile.java:931)
	at java.base/java.util.zip.ZipFile$ZipFileInflaterInputStream.fill(ZipFile.java:448)
	at java.base/java.util.zip.InflaterInputStream.read(InflaterInputStream.java:158)
	at java.base/jdk.internal.loader.Resource.getBytes(Resource.java:126)
	at java.base/jdk.internal.loader.URLClassPath$JarLoader$2.getBytes(URLClassPath.java:893)
	at java.base/java.net.URLClassLoader.defineClass(URLClassLoader.java:519)
	at java.base/java.net.URLClassLoader$1.run(URLClassLoader.java:427)
	... 33 common frames omitted
INFO  2026-08-19 16:36:40.652 #33724 [-Thread-0][*][o.n.s.s.s.i.SmHttpPlugin]: 
Server:main: smarthttp: Has Stopped (smart http 2.5/4.0.6)
INFO  2026-08-19 16:36:40.676 #33724 [-Thread-0][*][o.noear.solon.Solon]: 
App: Stopped
INFO  2026-08-19 16:36:42.686 #42944 [-main][*][o.noear.solon.Solon]: 
App: Start loading
INFO  2026-08-19 16:36:43.056 #42944 [-main][*][c.z.h.HikariDataSource]: 
permission-plugin - Starting...
INFO  2026-08-19 16:36:43.389 #42944 [-main][*][c.z.h.HikariDataSource]: 
permission-plugin - Start completed.
INFO  2026-08-19 16:36:44.227 #42944 [-main][*][o.n.s.s.s.i.SmHttpPlugin]: 
solon.connector:main: smarthttp: Started ServerConnector@{HTTP/1.1,[http/1.1]}{http://localhost:8080}
INFO  2026-08-19 16:36:44.227 #42944 [-main][*][o.n.s.s.s.i.SmHttpPlugin]: 
Server:main: smarthttp: Started (smart http 2.5/4.0.6) @262ms
INFO  2026-08-19 16:36:44.227 #42944 [-main][*][o.noear.solon.Solon]: 
App: End loading elapsed=1860ms pid=42944 v=4.0.6
INFO  2026-08-19 17:23:08.206 #13352 [-main][*][o.noear.solon.Solon]: 
App: Start loading
INFO  2026-08-19 17:23:08.515 #13352 [-main][*][c.z.h.HikariDataSource]: 
permission-plugin - Starting...
INFO  2026-08-19 17:23:08.715 #13352 [-main][*][c.z.h.HikariDataSource]: 
permission-plugin - Start completed.
INFO  2026-08-19 17:23:09.341 #13352 [-main][*][o.n.s.s.s.i.SmHttpPlugin]: 
solon.connector:main: smarthttp: Started ServerConnector@{HTTP/1.1,[http/1.1]}{http://localhost:18081}
INFO  2026-08-19 17:23:09.341 #13352 [-main][*][o.n.s.s.s.i.SmHttpPlugin]: 
Server:main: smarthttp: Started (smart http 2.5/4.0.6) @197ms
INFO  2026-08-19 17:23:09.341 #13352 [-main][*][o.noear.solon.Solon]: 
App: End loading elapsed=1557ms pid=13352 v=4.0.6
INFO  2026-08-19 17:27:46.249 #38812 [-main][*][o.noear.solon.Solon]: 
App: Start loading
INFO  2026-08-19 17:27:46.541 #38812 [-main][*][c.z.h.HikariDataSource]: 
permission-plugin - Starting...
INFO  2026-08-19 17:27:46.753 #38812 [-main][*][c.z.h.HikariDataSource]: 
permission-plugin - Start completed.
INFO  2026-08-19 17:27:47.335 #38812 [-main][*][o.n.s.s.s.i.SmHttpPlugin]: 
solon.connector:main: smarthttp: Started ServerConnector@{HTTP/1.1,[http/1.1]}{http://localhost:18081}
INFO  2026-08-19 17:27:47.338 #38812 [-main][*][o.n.s.s.s.i.SmHttpPlugin]: 
Server:main: smarthttp: Started (smart http 2.5/4.0.6) @211ms
INFO  2026-08-19 17:27:47.338 #38812 [-main][*][o.noear.solon.Solon]: 
App: End loading elapsed=1437ms pid=38812 v=4.0.6
INFO  2026-08-19 17:53:30.718 #42944 [-smarthttp-14][*][c.z.h.HikariDataSource]: 
permission-plugin - Shutdown initiated...
INFO  2026-08-19 17:53:30.737 #42944 [-smarthttp-14][*][c.z.h.HikariDataSource]: 
permission-plugin - Shutdown completed.
INFO  2026-08-19 17:53:40.802 #42944 [-smarthttp-14][*][c.z.h.HikariDataSource]: 
permission-plugin - Starting...
INFO  2026-08-19 17:53:40.829 #42944 [-smarthttp-14][*][c.z.h.HikariDataSource]: 
permission-plugin - Start completed.
INFO  2026-08-19 17:56:10.629 #42944 [-Thread-0][*][o.n.s.s.s.i.SmHttpPlugin]: 
Server:main: smarthttp: Has Stopped (smart http 2.5/4.0.6)
INFO  2026-08-19 17:56:10.641 #42944 [-Thread-0][*][o.noear.solon.Solon]: 
App: Stopped
INFO  2026-08-19 18:07:52.814 #39352 [-main][*][o.noear.solon.Solon]: 
App: Start loading
INFO  2026-08-19 18:07:53.111 #39352 [-main][*][c.z.h.HikariDataSource]: 
permission-plugin - Starting...
INFO  2026-08-19 18:07:53.338 #39352 [-main][*][c.z.h.HikariDataSource]: 
permission-plugin - Start completed.
INFO  2026-08-19 18:07:53.924 #39352 [-main][*][o.n.s.s.s.i.SmHttpPlugin]: 
solon.connector:main: smarthttp: Started ServerConnector@{HTTP/1.1,[http/1.1]}{http://localhost:18082}
INFO  2026-08-19 18:07:53.924 #39352 [-main][*][o.n.s.s.s.i.SmHttpPlugin]: 
Server:main: smarthttp: Started (smart http 2.5/4.0.6) @176ms
INFO  2026-08-19 18:07:53.927 #39352 [-main][*][o.noear.solon.Solon]: 
App: End loading elapsed=1406ms pid=39352 v=4.0.6
WARN  2026-08-19 18:08:40.067 #39352 [-smarthttp-7][*][o.n.solon.SolonApp]: 
SolonApp tryHandle failed!
java.lang.IllegalStateException: plugin-demo test error
	at yh.hotplugin.add1.DemoPlugin.lambda$start$4(DemoPlugin.java:31)
	at yh.hotplugin.security.PluginAudit.execute(PluginAudit.java:14)
	at yh.hotplugin.add1.DemoPlugin.lambda$start$5(DemoPlugin.java:31)
	at org.noear.solon.core.route.RouterHandler.handleMain(RouterHandler.java:51)
	at org.noear.solon.core.route.RouterHandler.handle1(RouterHandler.java:71)
	at org.noear.solon.core.route.RouterInterceptorChainImpl.doIntercept(RouterInterceptorChainImpl.java:54)
	at org.noear.solon.core.ChainManager.doRouterIntercept(ChainManager.java:226)
	at org.noear.solon.core.route.RouterHandler.handle(RouterHandler.java:103)
	at org.noear.solon.core.handle.HandlerPipeline.handle(HandlerPipeline.java:53)
	at org.noear.solon.core.handle.FilterChainImpl.doFilter(FilterChainImpl.java:51)
	at yh.hotplugin.security.HostSecurityFilter.doFilter(HostSecurityFilter.java:45)
	at org.noear.solon.core.handle.FilterChainImpl.doFilter(FilterChainImpl.java:49)
	at org.noear.solon.logging.integration.MdcClearFilter.doFilter(MdcClearFilter.java:33)
	at org.noear.solon.core.handle.FilterChainImpl.doFilter(FilterChainImpl.java:49)
	at org.noear.solon.core.ChainManager.doFilter(ChainManager.java:119)
	at org.noear.solon.SolonApp.lambda$tryHandle$6(SolonApp.java:580)
	at org.noear.solon.util.ScopeLocalJdk8.with(ScopeLocalJdk8.java:58)
	at org.noear.solon.core.handle.Context.currentWith(Context.java:66)
	at org.noear.solon.SolonApp.tryHandle(SolonApp.java:575)
	at org.noear.solon.server.smarthttp.http.SmHttpContextHandler.handleDo(SmHttpContextHandler.java:123)
	at org.noear.solon.server.smarthttp.http.SmHttpContextHandler.handle0(SmHttpContextHandler.java:101)
	at org.noear.solon.server.smarthttp.http.SmHttpContextHandler.lambda$handle$0(SmHttpContextHandler.java:86)
	at java.base/java.util.concurrent.ThreadPoolExecutor.runWorker(ThreadPoolExecutor.java:1136)
	at java.base/java.util.concurrent.ThreadPoolExecutor$Worker.run(ThreadPoolExecutor.java:635)
	at java.base/java.lang.Thread.run(Thread.java:833)
INFO  2026-08-19 18:11:01.885 #39352 [-smarthttp-10][*][c.z.h.HikariDataSource]: 
permission-plugin - Shutdown initiated...
INFO  2026-08-19 18:11:01.892 #39352 [-smarthttp-10][*][c.z.h.HikariDataSource]: 
permission-plugin - Shutdown completed.
INFO  2026-08-19 18:11:01.945 #39352 [-smarthttp-12][*][c.z.h.HikariDataSource]: 
permission-plugin - Starting...
INFO  2026-08-19 18:11:01.954 #39352 [-smarthttp-12][*][c.z.h.HikariDataSource]: 
permission-plugin - Start completed.
INFO  2026-08-19 18:18:13.117 #39352 [-smarthttp-14][*][c.z.h.HikariDataSource]: 
permission-plugin - Shutdown initiated...
INFO  2026-08-19 18:18:13.118 #39352 [-smarthttp-14][*][c.z.h.HikariDataSource]: 
permission-plugin - Shutdown completed.
INFO  2026-08-19 18:18:13.154 #39352 [-smarthttp-16][*][c.z.h.HikariDataSource]: 
permission-plugin - Starting...
INFO  2026-08-19 18:18:13.160 #39352 [-smarthttp-16][*][c.z.h.HikariDataSource]: 
permission-plugin - Start completed.
INFO  2026-08-19 18:18:13.183 #39352 [-smarthttp-16][*][c.z.h.HikariDataSource]: 
permission-plugin - Shutdown initiated...
INFO  2026-08-19 18:18:13.188 #39352 [-smarthttp-16][*][c.z.h.HikariDataSource]: 
permission-plugin - Shutdown completed.
INFO  2026-08-19 18:18:13.197 #39352 [-smarthttp-16][*][c.z.h.HikariDataSource]: 
permission-plugin - Starting...
INFO  2026-08-19 18:18:13.202 #39352 [-smarthttp-16][*][c.z.h.HikariDataSource]: 
permission-plugin - Start completed.
INFO  2026-08-19 18:18:13.218 #39352 [-smarthttp-16][*][c.z.h.HikariDataSource]: 
permission-plugin - Shutdown initiated...
INFO  2026-08-19 18:18:13.218 #39352 [-smarthttp-16][*][c.z.h.HikariDataSource]: 
permission-plugin - Shutdown completed.
INFO  2026-08-19 18:18:13.224 #39352 [-smarthttp-16][*][c.z.h.HikariDataSource]: 
permission-plugin - Starting...
INFO  2026-08-19 18:18:13.231 #39352 [-smarthttp-16][*][c.z.h.HikariDataSource]: 
permission-plugin - Start completed.
INFO  2026-08-19 18:18:13.245 #39352 [-smarthttp-16][*][c.z.h.HikariDataSource]: 
permission-plugin - Shutdown initiated...
INFO  2026-08-19 18:18:13.245 #39352 [-smarthttp-16][*][c.z.h.HikariDataSource]: 
permission-plugin - Shutdown completed.
INFO  2026-08-19 18:18:13.259 #39352 [-smarthttp-16][*][c.z.h.HikariDataSource]: 
permission-plugin - Starting...
INFO  2026-08-19 18:18:13.268 #39352 [-smarthttp-16][*][c.z.h.HikariDataSource]: 
permission-plugin - Start completed.
INFO  2026-08-19 18:18:13.279 #39352 [-smarthttp-16][*][c.z.h.HikariDataSource]: 
permission-plugin - Shutdown initiated...
INFO  2026-08-19 18:18:13.280 #39352 [-smarthttp-16][*][c.z.h.HikariDataSource]: 
permission-plugin - Shutdown completed.
INFO  2026-08-19 18:18:13.292 #39352 [-smarthttp-16][*][c.z.h.HikariDataSource]: 
permission-plugin - Starting...
INFO  2026-08-19 18:18:13.295 #39352 [-smarthttp-16][*][c.z.h.HikariDataSource]: 
permission-plugin - Start completed.
INFO  2026-08-19 18:18:13.307 #39352 [-smarthttp-16][*][c.z.h.HikariDataSource]: 
permission-plugin - Shutdown initiated...
INFO  2026-08-19 18:18:13.308 #39352 [-smarthttp-16][*][c.z.h.HikariDataSource]: 
permission-plugin - Shutdown completed.
INFO  2026-08-19 18:18:13.318 #39352 [-smarthttp-16][*][c.z.h.HikariDataSource]: 
permission-plugin - Starting...
INFO  2026-08-19 18:18:13.322 #39352 [-smarthttp-16][*][c.z.h.HikariDataSource]: 
permission-plugin - Start completed.
INFO  2026-08-19 18:18:13.338 #39352 [-smarthttp-16][*][c.z.h.HikariDataSource]: 
permission-plugin - Shutdown initiated...
INFO  2026-08-19 18:18:13.339 #39352 [-smarthttp-16][*][c.z.h.HikariDataSource]: 
permission-plugin - Shutdown completed.
INFO  2026-08-19 18:18:13.350 #39352 [-smarthttp-16][*][c.z.h.HikariDataSource]: 
permission-plugin - Starting...
INFO  2026-08-19 18:18:13.354 #39352 [-smarthttp-16][*][c.z.h.HikariDataSource]: 
permission-plugin - Start completed.
INFO  2026-08-19 18:18:13.373 #39352 [-smarthttp-16][*][c.z.h.HikariDataSource]: 
permission-plugin - Shutdown initiated...
INFO  2026-08-19 18:18:13.374 #39352 [-smarthttp-16][*][c.z.h.HikariDataSource]: 
permission-plugin - Shutdown completed.
INFO  2026-08-19 18:18:13.385 #39352 [-smarthttp-16][*][c.z.h.HikariDataSource]: 
permission-plugin - Starting...
INFO  2026-08-19 18:18:13.390 #39352 [-smarthttp-16][*][c.z.h.HikariDataSource]: 
permission-plugin - Start completed.
INFO  2026-08-19 18:18:13.404 #39352 [-smarthttp-16][*][c.z.h.HikariDataSource]: 
permission-plugin - Shutdown initiated...
INFO  2026-08-19 18:18:13.405 #39352 [-smarthttp-16][*][c.z.h.HikariDataSource]: 
permission-plugin - Shutdown completed.
INFO  2026-08-19 18:18:13.416 #39352 [-smarthttp-16][*][c.z.h.HikariDataSource]: 
permission-plugin - Starting...
INFO  2026-08-19 18:18:13.421 #39352 [-smarthttp-16][*][c.z.h.HikariDataSource]: 
permission-plugin - Start completed.
INFO  2026-08-19 18:18:13.432 #39352 [-smarthttp-16][*][c.z.h.HikariDataSource]: 
permission-plugin - Shutdown initiated...
INFO  2026-08-19 18:18:13.433 #39352 [-smarthttp-16][*][c.z.h.HikariDataSource]: 
permission-plugin - Shutdown completed.
INFO  2026-08-19 18:18:13.445 #39352 [-smarthttp-16][*][c.z.h.HikariDataSource]: 
permission-plugin - Starting...
INFO  2026-08-19 18:18:13.448 #39352 [-smarthttp-16][*][c.z.h.HikariDataSource]: 
permission-plugin - Start completed.
INFO  2026-08-19 18:18:13.464 #39352 [-smarthttp-16][*][c.z.h.HikariDataSource]: 
permission-plugin - Shutdown initiated...
INFO  2026-08-19 18:18:13.465 #39352 [-smarthttp-16][*][c.z.h.HikariDataSource]: 
permission-plugin - Shutdown completed.
INFO  2026-08-19 18:18:13.475 #39352 [-smarthttp-16][*][c.z.h.HikariDataSource]: 
permission-plugin - Starting...
INFO  2026-08-19 18:18:13.483 #39352 [-smarthttp-16][*][c.z.h.HikariDataSource]: 
permission-plugin - Start completed.
INFO  2026-08-19 18:18:13.496 #39352 [-smarthttp-16][*][c.z.h.HikariDataSource]: 
permission-plugin - Shutdown initiated...
INFO  2026-08-19 18:18:13.496 #39352 [-smarthttp-16][*][c.z.h.HikariDataSource]: 
permission-plugin - Shutdown completed.
INFO  2026-08-19 18:18:13.509 #39352 [-smarthttp-16][*][c.z.h.HikariDataSource]: 
permission-plugin - Starting...
INFO  2026-08-19 18:18:13.514 #39352 [-smarthttp-16][*][c.z.h.HikariDataSource]: 
permission-plugin - Start completed.
INFO  2026-08-19 18:18:13.528 #39352 [-smarthttp-16][*][c.z.h.HikariDataSource]: 
permission-plugin - Shutdown initiated...
INFO  2026-08-19 18:18:13.530 #39352 [-smarthttp-16][*][c.z.h.HikariDataSource]: 
permission-plugin - Shutdown completed.
INFO  2026-08-19 18:18:13.537 #39352 [-smarthttp-16][*][c.z.h.HikariDataSource]: 
permission-plugin - Starting...
INFO  2026-08-19 18:18:13.546 #39352 [-smarthttp-16][*][c.z.h.HikariDataSource]: 
permission-plugin - Start completed.
INFO  2026-08-19 18:18:13.582 #39352 [-smarthttp-16][*][c.z.h.HikariDataSource]: 
permission-plugin - Shutdown initiated...
INFO  2026-08-19 18:18:13.583 #39352 [-smarthttp-16][*][c.z.h.HikariDataSource]: 
permission-plugin - Shutdown completed.
INFO  2026-08-19 18:18:13.606 #39352 [-smarthttp-16][*][c.z.h.HikariDataSource]: 
permission-plugin - Starting...
INFO  2026-08-19 18:18:13.612 #39352 [-smarthttp-16][*][c.z.h.HikariDataSource]: 
permission-plugin - Start completed.
INFO  2026-08-19 18:18:13.639 #39352 [-smarthttp-16][*][c.z.h.HikariDataSource]: 
permission-plugin - Shutdown initiated...
INFO  2026-08-19 18:18:13.640 #39352 [-smarthttp-16][*][c.z.h.HikariDataSource]: 
permission-plugin - Shutdown completed.
INFO  2026-08-19 18:18:13.651 #39352 [-smarthttp-16][*][c.z.h.HikariDataSource]: 
permission-plugin - Starting...
INFO  2026-08-19 18:18:13.655 #39352 [-smarthttp-16][*][c.z.h.HikariDataSource]: 
permission-plugin - Start completed.
INFO  2026-08-19 18:18:13.670 #39352 [-smarthttp-16][*][c.z.h.HikariDataSource]: 
permission-plugin - Shutdown initiated...
INFO  2026-08-19 18:18:13.670 #39352 [-smarthttp-16][*][c.z.h.HikariDataSource]: 
permission-plugin - Shutdown completed.
INFO  2026-08-19 18:18:13.681 #39352 [-smarthttp-16][*][c.z.h.HikariDataSource]: 
permission-plugin - Starting...
INFO  2026-08-19 18:18:13.685 #39352 [-smarthttp-16][*][c.z.h.HikariDataSource]: 
permission-plugin - Start completed.
INFO  2026-08-19 18:18:13.700 #39352 [-smarthttp-16][*][c.z.h.HikariDataSource]: 
permission-plugin - Shutdown initiated...
INFO  2026-08-19 18:18:13.701 #39352 [-smarthttp-16][*][c.z.h.HikariDataSource]: 
permission-plugin - Shutdown completed.
INFO  2026-08-19 18:18:13.710 #39352 [-smarthttp-16][*][c.z.h.HikariDataSource]: 
permission-plugin - Starting...
INFO  2026-08-19 18:18:13.716 #39352 [-smarthttp-16][*][c.z.h.HikariDataSource]: 
permission-plugin - Start completed.
INFO  2026-08-19 18:18:13.727 #39352 [-smarthttp-16][*][c.z.h.HikariDataSource]: 
permission-plugin - Shutdown initiated...
INFO  2026-08-19 18:18:13.728 #39352 [-smarthttp-16][*][c.z.h.HikariDataSource]: 
permission-plugin - Shutdown completed.
INFO  2026-08-19 18:18:13.738 #39352 [-smarthttp-16][*][c.z.h.HikariDataSource]: 
permission-plugin - Starting...
INFO  2026-08-19 18:18:13.742 #39352 [-smarthttp-16][*][c.z.h.HikariDataSource]: 
permission-plugin - Start completed.
INFO  2026-08-19 18:18:13.753 #39352 [-smarthttp-16][*][c.z.h.HikariDataSource]: 
permission-plugin - Shutdown initiated...
INFO  2026-08-19 18:18:13.754 #39352 [-smarthttp-16][*][c.z.h.HikariDataSource]: 
permission-plugin - Shutdown completed.
INFO  2026-08-19 18:18:13.762 #39352 [-smarthttp-16][*][c.z.h.HikariDataSource]: 
permission-plugin - Starting...
INFO  2026-08-19 18:18:13.766 #39352 [-smarthttp-16][*][c.z.h.HikariDataSource]: 
permission-plugin - Start completed.
INFO  2026-08-19 18:18:13.775 #39352 [-smarthttp-16][*][c.z.h.HikariDataSource]: 
permission-plugin - Shutdown initiated...
INFO  2026-08-19 18:18:13.776 #39352 [-smarthttp-16][*][c.z.h.HikariDataSource]: 
permission-plugin - Shutdown completed.
INFO  2026-08-19 18:18:13.784 #39352 [-smarthttp-16][*][c.z.h.HikariDataSource]: 
permission-plugin - Starting...
INFO  2026-08-19 18:18:13.789 #39352 [-smarthttp-16][*][c.z.h.HikariDataSource]: 
permission-plugin - Start completed.
INFO  2026-08-19 18:18:13.799 #39352 [-smarthttp-16][*][c.z.h.HikariDataSource]: 
permission-plugin - Shutdown initiated...
INFO  2026-08-19 18:18:13.799 #39352 [-smarthttp-16][*][c.z.h.HikariDataSource]: 
permission-plugin - Shutdown completed.
INFO  2026-08-19 18:18:13.808 #39352 [-smarthttp-16][*][c.z.h.HikariDataSource]: 
permission-plugin - Starting...
INFO  2026-08-19 18:18:13.811 #39352 [-smarthttp-16][*][c.z.h.HikariDataSource]: 
permission-plugin - Start completed.
INFO  2026-08-19 18:18:13.821 #39352 [-smarthttp-16][*][c.z.h.HikariDataSource]: 
permission-plugin - Shutdown initiated...
INFO  2026-08-19 18:18:13.822 #39352 [-smarthttp-16][*][c.z.h.HikariDataSource]: 
permission-plugin - Shutdown completed.
INFO  2026-08-19 18:18:13.831 #39352 [-smarthttp-16][*][c.z.h.HikariDataSource]: 
permission-plugin - Starting...
INFO  2026-08-19 18:18:13.837 #39352 [-smarthttp-16][*][c.z.h.HikariDataSource]: 
permission-plugin - Start completed.
INFO  2026-08-19 18:18:13.847 #39352 [-smarthttp-16][*][c.z.h.HikariDataSource]: 
permission-plugin - Shutdown initiated...
INFO  2026-08-19 18:18:13.848 #39352 [-smarthttp-16][*][c.z.h.HikariDataSource]: 
permission-plugin - Shutdown completed.
INFO  2026-08-19 18:18:13.856 #39352 [-smarthttp-16][*][c.z.h.HikariDataSource]: 
permission-plugin - Starting...
INFO  2026-08-19 18:18:13.863 #39352 [-smarthttp-16][*][c.z.h.HikariDataSource]: 
permission-plugin - Start completed.
INFO  2026-08-19 18:18:13.871 #39352 [-smarthttp-16][*][c.z.h.HikariDataSource]: 
permission-plugin - Shutdown initiated...
INFO  2026-08-19 18:18:13.876 #39352 [-smarthttp-16][*][c.z.h.HikariDataSource]: 
permission-plugin - Shutdown completed.
INFO  2026-08-19 18:18:13.884 #39352 [-smarthttp-16][*][c.z.h.HikariDataSource]: 
permission-plugin - Starting...
INFO  2026-08-19 18:18:13.889 #39352 [-smarthttp-16][*][c.z.h.HikariDataSource]: 
permission-plugin - Start completed.
INFO  2026-08-19 18:18:13.898 #39352 [-smarthttp-16][*][c.z.h.HikariDataSource]: 
permission-plugin - Shutdown initiated...
INFO  2026-08-19 18:18:13.898 #39352 [-smarthttp-16][*][c.z.h.HikariDataSource]: 
permission-plugin - Shutdown completed.
INFO  2026-08-19 18:18:13.905 #39352 [-smarthttp-16][*][c.z.h.HikariDataSource]: 
permission-plugin - Starting...
INFO  2026-08-19 18:18:13.910 #39352 [-smarthttp-16][*][c.z.h.HikariDataSource]: 
permission-plugin - Start completed.
INFO  2026-08-19 18:18:13.919 #39352 [-smarthttp-16][*][c.z.h.HikariDataSource]: 
permission-plugin - Shutdown initiated...
INFO  2026-08-19 18:18:13.923 #39352 [-smarthttp-16][*][c.z.h.HikariDataSource]: 
permission-plugin - Shutdown completed.
INFO  2026-08-19 18:18:13.926 #39352 [-smarthttp-16][*][c.z.h.HikariDataSource]: 
permission-plugin - Starting...
INFO  2026-08-19 18:18:13.933 #39352 [-smarthttp-16][*][c.z.h.HikariDataSource]: 
permission-plugin - Start completed.
INFO  2026-08-19 18:18:13.944 #39352 [-smarthttp-16][*][c.z.h.HikariDataSource]: 
permission-plugin - Shutdown initiated...
INFO  2026-08-19 18:18:13.945 #39352 [-smarthttp-16][*][c.z.h.HikariDataSource]: 
permission-plugin - Shutdown completed.
INFO  2026-08-19 18:18:13.952 #39352 [-smarthttp-16][*][c.z.h.HikariDataSource]: 
permission-plugin - Starting...
INFO  2026-08-19 18:18:13.954 #39352 [-smarthttp-16][*][c.z.h.HikariDataSource]: 
permission-plugin - Start completed.
INFO  2026-08-19 18:18:13.966 #39352 [-smarthttp-16][*][c.z.h.HikariDataSource]: 
permission-plugin - Shutdown initiated...
INFO  2026-08-19 18:18:13.967 #39352 [-smarthttp-16][*][c.z.h.HikariDataSource]: 
permission-plugin - Shutdown completed.
INFO  2026-08-19 18:18:13.975 #39352 [-smarthttp-16][*][c.z.h.HikariDataSource]: 
permission-plugin - Starting...
INFO  2026-08-19 18:18:13.979 #39352 [-smarthttp-16][*][c.z.h.HikariDataSource]: 
permission-plugin - Start completed.
INFO  2026-08-19 18:18:13.988 #39352 [-smarthttp-16][*][c.z.h.HikariDataSource]: 
permission-plugin - Shutdown initiated...
INFO  2026-08-19 18:18:13.989 #39352 [-smarthttp-16][*][c.z.h.HikariDataSource]: 
permission-plugin - Shutdown completed.
INFO  2026-08-19 18:18:13.998 #39352 [-smarthttp-16][*][c.z.h.HikariDataSource]: 
permission-plugin - Starting...
INFO  2026-08-19 18:18:14.001 #39352 [-smarthttp-16][*][c.z.h.HikariDataSource]: 
permission-plugin - Start completed.
INFO  2026-08-19 18:18:14.012 #39352 [-smarthttp-16][*][c.z.h.HikariDataSource]: 
permission-plugin - Shutdown initiated...
INFO  2026-08-19 18:18:14.013 #39352 [-smarthttp-16][*][c.z.h.HikariDataSource]: 
permission-plugin - Shutdown completed.
INFO  2026-08-19 18:18:14.029 #39352 [-smarthttp-16][*][c.z.h.HikariDataSource]: 
permission-plugin - Starting...
INFO  2026-08-19 18:18:14.033 #39352 [-smarthttp-16][*][c.z.h.HikariDataSource]: 
permission-plugin - Start completed.
INFO  2026-08-19 18:18:14.043 #39352 [-smarthttp-16][*][c.z.h.HikariDataSource]: 
permission-plugin - Shutdown initiated...
INFO  2026-08-19 18:18:14.044 #39352 [-smarthttp-16][*][c.z.h.HikariDataSource]: 
permission-plugin - Shutdown completed.
INFO  2026-08-19 18:18:14.051 #39352 [-smarthttp-16][*][c.z.h.HikariDataSource]: 
permission-plugin - Starting...
INFO  2026-08-19 18:18:14.058 #39352 [-smarthttp-16][*][c.z.h.HikariDataSource]: 
permission-plugin - Start completed.
INFO  2026-08-19 18:18:14.067 #39352 [-smarthttp-16][*][c.z.h.HikariDataSource]: 
permission-plugin - Shutdown initiated...
INFO  2026-08-19 18:18:14.067 #39352 [-smarthttp-16][*][c.z.h.HikariDataSource]: 
permission-plugin - Shutdown completed.
INFO  2026-08-19 18:18:14.072 #39352 [-smarthttp-16][*][c.z.h.HikariDataSource]: 
permission-plugin - Starting...
INFO  2026-08-19 18:18:14.080 #39352 [-smarthttp-16][*][c.z.h.HikariDataSource]: 
permission-plugin - Start completed.
INFO  2026-08-19 18:18:14.090 #39352 [-smarthttp-16][*][c.z.h.HikariDataSource]: 
permission-plugin - Shutdown initiated...
INFO  2026-08-19 18:18:14.090 #39352 [-smarthttp-16][*][c.z.h.HikariDataSource]: 
permission-plugin - Shutdown completed.
INFO  2026-08-19 18:18:14.098 #39352 [-smarthttp-16][*][c.z.h.HikariDataSource]: 
permission-plugin - Starting...
INFO  2026-08-19 18:18:14.100 #39352 [-smarthttp-16][*][c.z.h.HikariDataSource]: 
permission-plugin - Start completed.
INFO  2026-08-19 18:18:14.111 #39352 [-smarthttp-16][*][c.z.h.HikariDataSource]: 
permission-plugin - Shutdown initiated...
INFO  2026-08-19 18:18:14.112 #39352 [-smarthttp-16][*][c.z.h.HikariDataSource]: 
permission-plugin - Shutdown completed.
INFO  2026-08-19 18:18:14.119 #39352 [-smarthttp-16][*][c.z.h.HikariDataSource]: 
permission-plugin - Starting...
INFO  2026-08-19 18:18:14.121 #39352 [-smarthttp-16][*][c.z.h.HikariDataSource]: 
permission-plugin - Start completed.
INFO  2026-08-19 18:18:14.132 #39352 [-smarthttp-16][*][c.z.h.HikariDataSource]: 
permission-plugin - Shutdown initiated...
INFO  2026-08-19 18:18:14.132 #39352 [-smarthttp-16][*][c.z.h.HikariDataSource]: 
permission-plugin - Shutdown completed.
INFO  2026-08-19 18:18:14.141 #39352 [-smarthttp-16][*][c.z.h.HikariDataSource]: 
permission-plugin - Starting...
INFO  2026-08-19 18:18:14.142 #39352 [-smarthttp-16][*][c.z.h.HikariDataSource]: 
permission-plugin - Start completed.
INFO  2026-08-19 18:18:14.155 #39352 [-smarthttp-16][*][c.z.h.HikariDataSource]: 
permission-plugin - Shutdown initiated...
INFO  2026-08-19 18:18:14.156 #39352 [-smarthttp-16][*][c.z.h.HikariDataSource]: 
permission-plugin - Shutdown completed.
INFO  2026-08-19 18:18:14.165 #39352 [-smarthttp-16][*][c.z.h.HikariDataSource]: 
permission-plugin - Starting...
INFO  2026-08-19 18:18:14.168 #39352 [-smarthttp-16][*][c.z.h.HikariDataSource]: 
permission-plugin - Start completed.
INFO  2026-08-19 18:18:14.180 #39352 [-smarthttp-16][*][c.z.h.HikariDataSource]: 
permission-plugin - Shutdown initiated...
INFO  2026-08-19 18:18:14.181 #39352 [-smarthttp-16][*][c.z.h.HikariDataSource]: 
permission-plugin - Shutdown completed.
INFO  2026-08-19 18:18:14.189 #39352 [-smarthttp-16][*][c.z.h.HikariDataSource]: 
permission-plugin - Starting...
INFO  2026-08-19 18:18:14.193 #39352 [-smarthttp-16][*][c.z.h.HikariDataSource]: 
permission-plugin - Start completed.
INFO  2026-08-19 18:18:14.203 #39352 [-smarthttp-16][*][c.z.h.HikariDataSource]: 
permission-plugin - Shutdown initiated...
INFO  2026-08-19 18:18:14.204 #39352 [-smarthttp-16][*][c.z.h.HikariDataSource]: 
permission-plugin - Shutdown completed.
INFO  2026-08-19 18:18:14.212 #39352 [-smarthttp-16][*][c.z.h.HikariDataSource]: 
permission-plugin - Starting...
INFO  2026-08-19 18:18:14.217 #39352 [-smarthttp-16][*][c.z.h.HikariDataSource]: 
permission-plugin - Start completed.
INFO  2026-08-19 18:18:14.227 #39352 [-smarthttp-16][*][c.z.h.HikariDataSource]: 
permission-plugin - Shutdown initiated...
INFO  2026-08-19 18:18:14.229 #39352 [-smarthttp-16][*][c.z.h.HikariDataSource]: 
permission-plugin - Shutdown completed.
INFO  2026-08-19 18:18:14.238 #39352 [-smarthttp-16][*][c.z.h.HikariDataSource]: 
permission-plugin - Starting...
INFO  2026-08-19 18:18:14.243 #39352 [-smarthttp-16][*][c.z.h.HikariDataSource]: 
permission-plugin - Start completed.
INFO  2026-08-19 18:18:14.253 #39352 [-smarthttp-16][*][c.z.h.HikariDataSource]: 
permission-plugin - Shutdown initiated...
INFO  2026-08-19 18:18:14.254 #39352 [-smarthttp-16][*][c.z.h.HikariDataSource]: 
permission-plugin - Shutdown completed.
INFO  2026-08-19 18:18:14.262 #39352 [-smarthttp-16][*][c.z.h.HikariDataSource]: 
permission-plugin - Starting...
INFO  2026-08-19 18:18:14.266 #39352 [-smarthttp-16][*][c.z.h.HikariDataSource]: 
permission-plugin - Start completed.
INFO  2026-08-19 18:18:14.276 #39352 [-smarthttp-16][*][c.z.h.HikariDataSource]: 
permission-plugin - Shutdown initiated...
INFO  2026-08-19 18:18:14.277 #39352 [-smarthttp-16][*][c.z.h.HikariDataSource]: 
permission-plugin - Shutdown completed.
INFO  2026-08-19 18:18:14.285 #39352 [-smarthttp-16][*][c.z.h.HikariDataSource]: 
permission-plugin - Starting...
INFO  2026-08-19 18:18:14.290 #39352 [-smarthttp-16][*][c.z.h.HikariDataSource]: 
permission-plugin - Start completed.
INFO  2026-08-19 18:18:14.300 #39352 [-smarthttp-16][*][c.z.h.HikariDataSource]: 
permission-plugin - Shutdown initiated...
INFO  2026-08-19 18:18:14.301 #39352 [-smarthttp-16][*][c.z.h.HikariDataSource]: 
permission-plugin - Shutdown completed.
INFO  2026-08-19 18:18:14.308 #39352 [-smarthttp-16][*][c.z.h.HikariDataSource]: 
permission-plugin - Starting...
INFO  2026-08-19 18:18:14.312 #39352 [-smarthttp-16][*][c.z.h.HikariDataSource]: 
permission-plugin - Start completed.
INFO  2026-08-19 18:18:14.321 #39352 [-smarthttp-16][*][c.z.h.HikariDataSource]: 
permission-plugin - Shutdown initiated...
INFO  2026-08-19 18:18:14.322 #39352 [-smarthttp-16][*][c.z.h.HikariDataSource]: 
permission-plugin - Shutdown completed.
INFO  2026-08-19 18:18:14.330 #39352 [-smarthttp-16][*][c.z.h.HikariDataSource]: 
permission-plugin - Starting...
INFO  2026-08-19 18:18:14.334 #39352 [-smarthttp-16][*][c.z.h.HikariDataSource]: 
permission-plugin - Start completed.
INFO  2026-08-19 18:18:14.342 #39352 [-smarthttp-16][*][c.z.h.HikariDataSource]: 
permission-plugin - Shutdown initiated...
INFO  2026-08-19 18:18:14.343 #39352 [-smarthttp-16][*][c.z.h.HikariDataSource]: 
permission-plugin - Shutdown completed.
INFO  2026-08-19 18:18:14.350 #39352 [-smarthttp-16][*][c.z.h.HikariDataSource]: 
permission-plugin - Starting...
INFO  2026-08-19 18:18:14.354 #39352 [-smarthttp-16][*][c.z.h.HikariDataSource]: 
permission-plugin - Start completed.
INFO  2026-08-19 18:18:14.366 #39352 [-smarthttp-16][*][c.z.h.HikariDataSource]: 
permission-plugin - Shutdown initiated...
INFO  2026-08-19 18:18:14.368 #39352 [-smarthttp-16][*][c.z.h.HikariDataSource]: 
permission-plugin - Shutdown completed.
INFO  2026-08-19 18:18:14.377 #39352 [-smarthttp-16][*][c.z.h.HikariDataSource]: 
permission-plugin - Starting...
INFO  2026-08-19 18:18:14.381 #39352 [-smarthttp-16][*][c.z.h.HikariDataSource]: 
permission-plugin - Start completed.
INFO  2026-08-19 18:18:14.390 #39352 [-smarthttp-16][*][c.z.h.HikariDataSource]: 
permission-plugin - Shutdown initiated...
INFO  2026-08-19 18:18:14.391 #39352 [-smarthttp-16][*][c.z.h.HikariDataSource]: 
permission-plugin - Shutdown completed.
INFO  2026-08-19 18:18:14.400 #39352 [-smarthttp-16][*][c.z.h.HikariDataSource]: 
permission-plugin - Starting...
INFO  2026-08-19 18:18:14.404 #39352 [-smarthttp-16][*][c.z.h.HikariDataSource]: 
permission-plugin - Start completed.
INFO  2026-08-19 18:18:14.414 #39352 [-smarthttp-16][*][c.z.h.HikariDataSource]: 
permission-plugin - Shutdown initiated...
INFO  2026-08-19 18:18:14.415 #39352 [-smarthttp-16][*][c.z.h.HikariDataSource]: 
permission-plugin - Shutdown completed.
INFO  2026-08-19 18:18:14.423 #39352 [-smarthttp-16][*][c.z.h.HikariDataSource]: 
permission-plugin - Starting...
INFO  2026-08-19 18:18:14.428 #39352 [-smarthttp-16][*][c.z.h.HikariDataSource]: 
permission-plugin - Start completed.
INFO  2026-08-19 18:18:14.439 #39352 [-smarthttp-16][*][c.z.h.HikariDataSource]: 
permission-plugin - Shutdown initiated...
INFO  2026-08-19 18:18:14.440 #39352 [-smarthttp-16][*][c.z.h.HikariDataSource]: 
permission-plugin - Shutdown completed.
INFO  2026-08-19 18:18:14.448 #39352 [-smarthttp-16][*][c.z.h.HikariDataSource]: 
permission-plugin - Starting...
INFO  2026-08-19 18:18:14.451 #39352 [-smarthttp-16][*][c.z.h.HikariDataSource]: 
permission-plugin - Start completed.
INFO  2026-08-19 18:18:14.462 #39352 [-smarthttp-16][*][c.z.h.HikariDataSource]: 
permission-plugin - Shutdown initiated...
INFO  2026-08-19 18:18:14.463 #39352 [-smarthttp-16][*][c.z.h.HikariDataSource]: 
permission-plugin - Shutdown completed.
INFO  2026-08-19 18:18:14.473 #39352 [-smarthttp-16][*][c.z.h.HikariDataSource]: 
permission-plugin - Starting...
INFO  2026-08-19 18:18:14.476 #39352 [-smarthttp-16][*][c.z.h.HikariDataSource]: 
permission-plugin - Start completed.
INFO  2026-08-19 18:18:14.486 #39352 [-smarthttp-16][*][c.z.h.HikariDataSource]: 
permission-plugin - Shutdown initiated...
INFO  2026-08-19 18:18:14.488 #39352 [-smarthttp-16][*][c.z.h.HikariDataSource]: 
permission-plugin - Shutdown completed.
INFO  2026-08-19 18:18:14.497 #39352 [-smarthttp-16][*][c.z.h.HikariDataSource]: 
permission-plugin - Starting...
INFO  2026-08-19 18:18:14.501 #39352 [-smarthttp-16][*][c.z.h.HikariDataSource]: 
permission-plugin - Start completed.
INFO  2026-08-19 18:18:14.512 #39352 [-smarthttp-16][*][c.z.h.HikariDataSource]: 
permission-plugin - Shutdown initiated...
INFO  2026-08-19 18:18:14.513 #39352 [-smarthttp-16][*][c.z.h.HikariDataSource]: 
permission-plugin - Shutdown completed.
INFO  2026-08-19 18:18:14.522 #39352 [-smarthttp-16][*][c.z.h.HikariDataSource]: 
permission-plugin - Starting...
INFO  2026-08-19 18:18:14.525 #39352 [-smarthttp-16][*][c.z.h.HikariDataSource]: 
permission-plugin - Start completed.
INFO  2026-08-19 18:18:14.536 #39352 [-smarthttp-16][*][c.z.h.HikariDataSource]: 
permission-plugin - Shutdown initiated...
INFO  2026-08-19 18:18:14.537 #39352 [-smarthttp-16][*][c.z.h.HikariDataSource]: 
permission-plugin - Shutdown completed.
INFO  2026-08-19 18:18:14.547 #39352 [-smarthttp-16][*][c.z.h.HikariDataSource]: 
permission-plugin - Starting...
INFO  2026-08-19 18:18:14.551 #39352 [-smarthttp-16][*][c.z.h.HikariDataSource]: 
permission-plugin - Start completed.
INFO  2026-08-19 18:18:14.563 #39352 [-smarthttp-16][*][c.z.h.HikariDataSource]: 
permission-plugin - Shutdown initiated...
INFO  2026-08-19 18:18:14.565 #39352 [-smarthttp-16][*][c.z.h.HikariDataSource]: 
permission-plugin - Shutdown completed.
INFO  2026-08-19 18:18:14.571 #39352 [-smarthttp-16][*][c.z.h.HikariDataSource]: 
permission-plugin - Starting...
INFO  2026-08-19 18:18:14.571 #39352 [-smarthttp-16][*][c.z.h.HikariDataSource]: 
permission-plugin - Start completed.
INFO  2026-08-19 18:18:14.585 #39352 [-smarthttp-16][*][c.z.h.HikariDataSource]: 
permission-plugin - Shutdown initiated...
INFO  2026-08-19 18:18:14.585 #39352 [-smarthttp-16][*][c.z.h.HikariDataSource]: 
permission-plugin - Shutdown completed.
INFO  2026-08-19 18:18:14.592 #39352 [-smarthttp-16][*][c.z.h.HikariDataSource]: 
permission-plugin - Starting...
INFO  2026-08-19 18:18:14.592 #39352 [-smarthttp-16][*][c.z.h.HikariDataSource]: 
permission-plugin - Start completed.
INFO  2026-08-19 18:18:14.608 #39352 [-smarthttp-16][*][c.z.h.HikariDataSource]: 
permission-plugin - Shutdown initiated...
INFO  2026-08-19 18:18:14.608 #39352 [-smarthttp-16][*][c.z.h.HikariDataSource]: 
permission-plugin - Shutdown completed.
INFO  2026-08-19 18:18:14.614 #39352 [-smarthttp-16][*][c.z.h.HikariDataSource]: 
permission-plugin - Starting...
INFO  2026-08-19 18:18:14.620 #39352 [-smarthttp-16][*][c.z.h.HikariDataSource]: 
permission-plugin - Start completed.
INFO  2026-08-19 18:18:14.627 #39352 [-smarthttp-16][*][c.z.h.HikariDataSource]: 
permission-plugin - Shutdown initiated...
INFO  2026-08-19 18:18:14.627 #39352 [-smarthttp-16][*][c.z.h.HikariDataSource]: 
permission-plugin - Shutdown completed.
INFO  2026-08-19 18:18:14.634 #39352 [-smarthttp-16][*][c.z.h.HikariDataSource]: 
permission-plugin - Starting...
INFO  2026-08-19 18:18:14.641 #39352 [-smarthttp-16][*][c.z.h.HikariDataSource]: 
permission-plugin - Start completed.
INFO  2026-08-19 18:18:14.648 #39352 [-smarthttp-16][*][c.z.h.HikariDataSource]: 
permission-plugin - Shutdown initiated...
INFO  2026-08-19 18:18:14.651 #39352 [-smarthttp-16][*][c.z.h.HikariDataSource]: 
permission-plugin - Shutdown completed.
INFO  2026-08-19 18:18:14.660 #39352 [-smarthttp-16][*][c.z.h.HikariDataSource]: 
permission-plugin - Starting...
INFO  2026-08-19 18:18:14.663 #39352 [-smarthttp-16][*][c.z.h.HikariDataSource]: 
permission-plugin - Start completed.
INFO  2026-08-19 18:18:14.674 #39352 [-smarthttp-16][*][c.z.h.HikariDataSource]: 
permission-plugin - Shutdown initiated...
INFO  2026-08-19 18:18:14.675 #39352 [-smarthttp-16][*][c.z.h.HikariDataSource]: 
permission-plugin - Shutdown completed.
INFO  2026-08-19 18:18:14.687 #39352 [-smarthttp-16][*][c.z.h.HikariDataSource]: 
permission-plugin - Starting...
INFO  2026-08-19 18:18:14.692 #39352 [-smarthttp-16][*][c.z.h.HikariDataSource]: 
permission-plugin - Start completed.
INFO  2026-08-19 18:18:14.706 #39352 [-smarthttp-16][*][c.z.h.HikariDataSource]: 
permission-plugin - Shutdown initiated...
INFO  2026-08-19 18:18:14.707 #39352 [-smarthttp-16][*][c.z.h.HikariDataSource]: 
permission-plugin - Shutdown completed.
INFO  2026-08-19 18:18:14.716 #39352 [-smarthttp-16][*][c.z.h.HikariDataSource]: 
permission-plugin - Starting...
INFO  2026-08-19 18:18:14.722 #39352 [-smarthttp-16][*][c.z.h.HikariDataSource]: 
permission-plugin - Start completed.
INFO  2026-08-19 18:18:14.735 #39352 [-smarthttp-16][*][c.z.h.HikariDataSource]: 
permission-plugin - Shutdown initiated...
INFO  2026-08-19 18:18:14.736 #39352 [-smarthttp-16][*][c.z.h.HikariDataSource]: 
permission-plugin - Shutdown completed.
INFO  2026-08-19 18:18:14.747 #39352 [-smarthttp-16][*][c.z.h.HikariDataSource]: 
permission-plugin - Starting...
INFO  2026-08-19 18:18:14.751 #39352 [-smarthttp-16][*][c.z.h.HikariDataSource]: 
permission-plugin - Start completed.
INFO  2026-08-19 18:18:14.762 #39352 [-smarthttp-16][*][c.z.h.HikariDataSource]: 
permission-plugin - Shutdown initiated...
INFO  2026-08-19 18:18:14.763 #39352 [-smarthttp-16][*][c.z.h.HikariDataSource]: 
permission-plugin - Shutdown completed.
INFO  2026-08-19 18:18:14.773 #39352 [-smarthttp-16][*][c.z.h.HikariDataSource]: 
permission-plugin - Starting...
INFO  2026-08-19 18:18:14.778 #39352 [-smarthttp-16][*][c.z.h.HikariDataSource]: 
permission-plugin - Start completed.
INFO  2026-08-19 18:18:14.789 #39352 [-smarthttp-16][*][c.z.h.HikariDataSource]: 
permission-plugin - Shutdown initiated...
INFO  2026-08-19 18:18:14.790 #39352 [-smarthttp-16][*][c.z.h.HikariDataSource]: 
permission-plugin - Shutdown completed.
INFO  2026-08-19 18:18:14.804 #39352 [-smarthttp-16][*][c.z.h.HikariDataSource]: 
permission-plugin - Starting...
INFO  2026-08-19 18:18:14.809 #39352 [-smarthttp-16][*][c.z.h.HikariDataSource]: 
permission-plugin - Start completed.
INFO  2026-08-19 18:18:14.822 #39352 [-smarthttp-16][*][c.z.h.HikariDataSource]: 
permission-plugin - Shutdown initiated...
INFO  2026-08-19 18:18:14.823 #39352 [-smarthttp-16][*][c.z.h.HikariDataSource]: 
permission-plugin - Shutdown completed.
INFO  2026-08-19 18:18:14.834 #39352 [-smarthttp-16][*][c.z.h.HikariDataSource]: 
permission-plugin - Starting...
INFO  2026-08-19 18:18:14.839 #39352 [-smarthttp-16][*][c.z.h.HikariDataSource]: 
permission-plugin - Start completed.
INFO  2026-08-19 18:18:14.849 #39352 [-smarthttp-16][*][c.z.h.HikariDataSource]: 
permission-plugin - Shutdown initiated...
INFO  2026-08-19 18:18:14.850 #39352 [-smarthttp-16][*][c.z.h.HikariDataSource]: 
permission-plugin - Shutdown completed.
INFO  2026-08-19 18:18:14.856 #39352 [-smarthttp-16][*][c.z.h.HikariDataSource]: 
permission-plugin - Starting...
INFO  2026-08-19 18:18:14.861 #39352 [-smarthttp-16][*][c.z.h.HikariDataSource]: 
permission-plugin - Start completed.
INFO  2026-08-19 18:18:14.872 #39352 [-smarthttp-16][*][c.z.h.HikariDataSource]: 
permission-plugin - Shutdown initiated...
INFO  2026-08-19 18:18:14.872 #39352 [-smarthttp-16][*][c.z.h.HikariDataSource]: 
permission-plugin - Shutdown completed.
INFO  2026-08-19 18:18:14.877 #39352 [-smarthttp-16][*][c.z.h.HikariDataSource]: 
permission-plugin - Starting...
INFO  2026-08-19 18:18:14.882 #39352 [-smarthttp-16][*][c.z.h.HikariDataSource]: 
permission-plugin - Start completed.
INFO  2026-08-19 18:18:14.891 #39352 [-smarthttp-16][*][c.z.h.HikariDataSource]: 
permission-plugin - Shutdown initiated...
INFO  2026-08-19 18:18:14.891 #39352 [-smarthttp-16][*][c.z.h.HikariDataSource]: 
permission-plugin - Shutdown completed.
INFO  2026-08-19 18:18:14.903 #39352 [-smarthttp-16][*][c.z.h.HikariDataSource]: 
permission-plugin - Starting...
INFO  2026-08-19 18:18:14.906 #39352 [-smarthttp-16][*][c.z.h.HikariDataSource]: 
permission-plugin - Start completed.
INFO  2026-08-19 18:18:14.917 #39352 [-smarthttp-16][*][c.z.h.HikariDataSource]: 
permission-plugin - Shutdown initiated...
INFO  2026-08-19 18:18:14.917 #39352 [-smarthttp-16][*][c.z.h.HikariDataSource]: 
permission-plugin - Shutdown completed.
INFO  2026-08-19 18:18:14.926 #39352 [-smarthttp-16][*][c.z.h.HikariDataSource]: 
permission-plugin - Starting...
INFO  2026-08-19 18:18:14.928 #39352 [-smarthttp-16][*][c.z.h.HikariDataSource]: 
permission-plugin - Start completed.
INFO  2026-08-19 18:18:14.940 #39352 [-smarthttp-16][*][c.z.h.HikariDataSource]: 
permission-plugin - Shutdown initiated...
INFO  2026-08-19 18:18:14.940 #39352 [-smarthttp-16][*][c.z.h.HikariDataSource]: 
permission-plugin - Shutdown completed.
INFO  2026-08-19 18:18:14.949 #39352 [-smarthttp-16][*][c.z.h.HikariDataSource]: 
permission-plugin - Starting...
INFO  2026-08-19 18:18:14.952 #39352 [-smarthttp-16][*][c.z.h.HikariDataSource]: 
permission-plugin - Start completed.
INFO  2026-08-19 18:18:14.961 #39352 [-smarthttp-16][*][c.z.h.HikariDataSource]: 
permission-plugin - Shutdown initiated...
INFO  2026-08-19 18:18:14.962 #39352 [-smarthttp-16][*][c.z.h.HikariDataSource]: 
permission-plugin - Shutdown completed.
INFO  2026-08-19 18:18:14.970 #39352 [-smarthttp-16][*][c.z.h.HikariDataSource]: 
permission-plugin - Starting...
INFO  2026-08-19 18:18:14.974 #39352 [-smarthttp-16][*][c.z.h.HikariDataSource]: 
permission-plugin - Start completed.
INFO  2026-08-19 18:18:14.985 #39352 [-smarthttp-16][*][c.z.h.HikariDataSource]: 
permission-plugin - Shutdown initiated...
INFO  2026-08-19 18:18:14.986 #39352 [-smarthttp-16][*][c.z.h.HikariDataSource]: 
permission-plugin - Shutdown completed.
INFO  2026-08-19 18:18:14.996 #39352 [-smarthttp-16][*][c.z.h.HikariDataSource]: 
permission-plugin - Starting...
INFO  2026-08-19 18:18:15.000 #39352 [-smarthttp-16][*][c.z.h.HikariDataSource]: 
permission-plugin - Start completed.
INFO  2026-08-19 18:18:15.010 #39352 [-smarthttp-16][*][c.z.h.HikariDataSource]: 
permission-plugin - Shutdown initiated...
INFO  2026-08-19 18:18:15.011 #39352 [-smarthttp-16][*][c.z.h.HikariDataSource]: 
permission-plugin - Shutdown completed.
INFO  2026-08-19 18:18:15.018 #39352 [-smarthttp-16][*][c.z.h.HikariDataSource]: 
permission-plugin - Starting...
INFO  2026-08-19 18:18:15.021 #39352 [-smarthttp-16][*][c.z.h.HikariDataSource]: 
permission-plugin - Start completed.
INFO  2026-08-19 18:18:15.028 #39352 [-smarthttp-16][*][c.z.h.HikariDataSource]: 
permission-plugin - Shutdown initiated...
INFO  2026-08-19 18:18:15.029 #39352 [-smarthttp-16][*][c.z.h.HikariDataSource]: 
permission-plugin - Shutdown completed.
INFO  2026-08-19 18:18:15.036 #39352 [-smarthttp-16][*][c.z.h.HikariDataSource]: 
permission-plugin - Starting...
INFO  2026-08-19 18:18:15.040 #39352 [-smarthttp-16][*][c.z.h.HikariDataSource]: 
permission-plugin - Start completed.
INFO  2026-08-19 18:18:15.049 #39352 [-smarthttp-16][*][c.z.h.HikariDataSource]: 
permission-plugin - Shutdown initiated...
INFO  2026-08-19 18:18:15.050 #39352 [-smarthttp-16][*][c.z.h.HikariDataSource]: 
permission-plugin - Shutdown completed.
INFO  2026-08-19 18:18:15.056 #39352 [-smarthttp-16][*][c.z.h.HikariDataSource]: 
permission-plugin - Starting...
INFO  2026-08-19 18:18:15.059 #39352 [-smarthttp-16][*][c.z.h.HikariDataSource]: 
permission-plugin - Start completed.
INFO  2026-08-19 18:18:15.068 #39352 [-smarthttp-16][*][c.z.h.HikariDataSource]: 
permission-plugin - Shutdown initiated...
INFO  2026-08-19 18:18:15.069 #39352 [-smarthttp-16][*][c.z.h.HikariDataSource]: 
permission-plugin - Shutdown completed.
INFO  2026-08-19 18:18:15.077 #39352 [-smarthttp-16][*][c.z.h.HikariDataSource]: 
permission-plugin - Starting...
INFO  2026-08-19 18:18:15.080 #39352 [-smarthttp-16][*][c.z.h.HikariDataSource]: 
permission-plugin - Start completed.
INFO  2026-08-19 18:18:15.089 #39352 [-smarthttp-16][*][c.z.h.HikariDataSource]: 
permission-plugin - Shutdown initiated...
INFO  2026-08-19 18:18:15.090 #39352 [-smarthttp-16][*][c.z.h.HikariDataSource]: 
permission-plugin - Shutdown completed.
INFO  2026-08-19 18:18:15.096 #39352 [-smarthttp-16][*][c.z.h.HikariDataSource]: 
permission-plugin - Starting...
INFO  2026-08-19 18:18:15.101 #39352 [-smarthttp-16][*][c.z.h.HikariDataSource]: 
permission-plugin - Start completed.
INFO  2026-08-19 18:18:15.110 #39352 [-smarthttp-16][*][c.z.h.HikariDataSource]: 
permission-plugin - Shutdown initiated...
INFO  2026-08-19 18:18:15.111 #39352 [-smarthttp-16][*][c.z.h.HikariDataSource]: 
permission-plugin - Shutdown completed.
INFO  2026-08-19 18:18:15.118 #39352 [-smarthttp-16][*][c.z.h.HikariDataSource]: 
permission-plugin - Starting...
INFO  2026-08-19 18:18:15.122 #39352 [-smarthttp-16][*][c.z.h.HikariDataSource]: 
permission-plugin - Start completed.
INFO  2026-08-19 18:18:15.131 #39352 [-smarthttp-16][*][c.z.h.HikariDataSource]: 
permission-plugin - Shutdown initiated...
INFO  2026-08-19 18:18:15.132 #39352 [-smarthttp-16][*][c.z.h.HikariDataSource]: 
permission-plugin - Shutdown completed.
INFO  2026-08-19 18:18:15.141 #39352 [-smarthttp-16][*][c.z.h.HikariDataSource]: 
permission-plugin - Starting...
INFO  2026-08-19 18:18:15.144 #39352 [-smarthttp-16][*][c.z.h.HikariDataSource]: 
permission-plugin - Start completed.
INFO  2026-08-19 18:18:15.153 #39352 [-smarthttp-16][*][c.z.h.HikariDataSource]: 
permission-plugin - Shutdown initiated...
INFO  2026-08-19 18:18:15.153 #39352 [-smarthttp-16][*][c.z.h.HikariDataSource]: 
permission-plugin - Shutdown completed.
INFO  2026-08-19 18:18:15.162 #39352 [-smarthttp-16][*][c.z.h.HikariDataSource]: 
permission-plugin - Starting...
INFO  2026-08-19 18:18:15.165 #39352 [-smarthttp-16][*][c.z.h.HikariDataSource]: 
permission-plugin - Start completed.
INFO  2026-08-19 18:18:15.174 #39352 [-smarthttp-16][*][c.z.h.HikariDataSource]: 
permission-plugin - Shutdown initiated...
INFO  2026-08-19 18:18:15.176 #39352 [-smarthttp-16][*][c.z.h.HikariDataSource]: 
permission-plugin - Shutdown completed.
INFO  2026-08-19 18:18:15.182 #39352 [-smarthttp-16][*][c.z.h.HikariDataSource]: 
permission-plugin - Starting...
INFO  2026-08-19 18:18:15.188 #39352 [-smarthttp-16][*][c.z.h.HikariDataSource]: 
permission-plugin - Start completed.
INFO  2026-08-19 18:18:15.196 #39352 [-smarthttp-16][*][c.z.h.HikariDataSource]: 
permission-plugin - Shutdown initiated...
INFO  2026-08-19 18:18:15.196 #39352 [-smarthttp-16][*][c.z.h.HikariDataSource]: 
permission-plugin - Shutdown completed.
INFO  2026-08-19 18:18:15.203 #39352 [-smarthttp-16][*][c.z.h.HikariDataSource]: 
permission-plugin - Starting...
INFO  2026-08-19 18:18:15.210 #39352 [-smarthttp-16][*][c.z.h.HikariDataSource]: 
permission-plugin - Start completed.
INFO  2026-08-19 18:18:15.220 #39352 [-smarthttp-16][*][c.z.h.HikariDataSource]: 
permission-plugin - Shutdown initiated...
INFO  2026-08-19 18:18:15.220 #39352 [-smarthttp-16][*][c.z.h.HikariDataSource]: 
permission-plugin - Shutdown completed.
INFO  2026-08-19 18:18:15.231 #39352 [-smarthttp-16][*][c.z.h.HikariDataSource]: 
permission-plugin - Starting...
INFO  2026-08-19 18:18:15.234 #39352 [-smarthttp-16][*][c.z.h.HikariDataSource]: 
permission-plugin - Start completed.
INFO  2026-08-19 18:18:15.245 #39352 [-smarthttp-16][*][c.z.h.HikariDataSource]: 
permission-plugin - Shutdown initiated...
INFO  2026-08-19 18:18:15.245 #39352 [-smarthttp-16][*][c.z.h.HikariDataSource]: 
permission-plugin - Shutdown completed.
INFO  2026-08-19 18:18:15.254 #39352 [-smarthttp-16][*][c.z.h.HikariDataSource]: 
permission-plugin - Starting...
INFO  2026-08-19 18:18:15.258 #39352 [-smarthttp-16][*][c.z.h.HikariDataSource]: 
permission-plugin - Start completed.
INFO  2026-08-19 18:18:15.269 #39352 [-smarthttp-16][*][c.z.h.HikariDataSource]: 
permission-plugin - Shutdown initiated...
INFO  2026-08-19 18:18:15.270 #39352 [-smarthttp-16][*][c.z.h.HikariDataSource]: 
permission-plugin - Shutdown completed.
INFO  2026-08-19 18:18:15.280 #39352 [-smarthttp-16][*][c.z.h.HikariDataSource]: 
permission-plugin - Starting...
INFO  2026-08-19 18:18:15.285 #39352 [-smarthttp-16][*][c.z.h.HikariDataSource]: 
permission-plugin - Start completed.
INFO  2026-08-19 18:18:15.295 #39352 [-smarthttp-16][*][c.z.h.HikariDataSource]: 
permission-plugin - Shutdown initiated...
INFO  2026-08-19 18:18:15.296 #39352 [-smarthttp-16][*][c.z.h.HikariDataSource]: 
permission-plugin - Shutdown completed.
INFO  2026-08-19 18:18:15.305 #39352 [-smarthttp-16][*][c.z.h.HikariDataSource]: 
permission-plugin - Starting...
INFO  2026-08-19 18:18:15.309 #39352 [-smarthttp-16][*][c.z.h.HikariDataSource]: 
permission-plugin - Start completed.
INFO  2026-08-19 18:18:15.318 #39352 [-smarthttp-16][*][c.z.h.HikariDataSource]: 
permission-plugin - Shutdown initiated...
INFO  2026-08-19 18:18:15.319 #39352 [-smarthttp-16][*][c.z.h.HikariDataSource]: 
permission-plugin - Shutdown completed.
INFO  2026-08-19 18:18:15.327 #39352 [-smarthttp-16][*][c.z.h.HikariDataSource]: 
permission-plugin - Starting...
INFO  2026-08-19 18:18:15.330 #39352 [-smarthttp-16][*][c.z.h.HikariDataSource]: 
permission-plugin - Start completed.
INFO  2026-08-19 18:18:15.340 #39352 [-smarthttp-16][*][c.z.h.HikariDataSource]: 
permission-plugin - Shutdown initiated...
INFO  2026-08-19 18:18:15.341 #39352 [-smarthttp-16][*][c.z.h.HikariDataSource]: 
permission-plugin - Shutdown completed.
INFO  2026-08-19 18:18:15.348 #39352 [-smarthttp-16][*][c.z.h.HikariDataSource]: 
permission-plugin - Starting...
INFO  2026-08-19 18:18:15.351 #39352 [-smarthttp-16][*][c.z.h.HikariDataSource]: 
permission-plugin - Start completed.
INFO  2026-08-19 18:18:15.360 #39352 [-smarthttp-16][*][c.z.h.HikariDataSource]: 
permission-plugin - Shutdown initiated...
INFO  2026-08-19 18:18:15.361 #39352 [-smarthttp-16][*][c.z.h.HikariDataSource]: 
permission-plugin - Shutdown completed.
INFO  2026-08-19 18:18:15.367 #39352 [-smarthttp-16][*][c.z.h.HikariDataSource]: 
permission-plugin - Starting...
INFO  2026-08-19 18:18:15.370 #39352 [-smarthttp-16][*][c.z.h.HikariDataSource]: 
permission-plugin - Start completed.
INFO  2026-08-19 18:18:15.379 #39352 [-smarthttp-16][*][c.z.h.HikariDataSource]: 
permission-plugin - Shutdown initiated...
INFO  2026-08-19 18:18:15.380 #39352 [-smarthttp-16][*][c.z.h.HikariDataSource]: 
permission-plugin - Shutdown completed.
INFO  2026-08-19 18:18:15.388 #39352 [-smarthttp-16][*][c.z.h.HikariDataSource]: 
permission-plugin - Starting...
INFO  2026-08-19 18:18:15.391 #39352 [-smarthttp-16][*][c.z.h.HikariDataSource]: 
permission-plugin - Start completed.
INFO  2026-08-19 18:18:15.400 #39352 [-smarthttp-16][*][c.z.h.HikariDataSource]: 
permission-plugin - Shutdown initiated...
INFO  2026-08-19 18:18:15.401 #39352 [-smarthttp-16][*][c.z.h.HikariDataSource]: 
permission-plugin - Shutdown completed.
INFO  2026-08-19 18:18:15.409 #39352 [-smarthttp-16][*][c.z.h.HikariDataSource]: 
permission-plugin - Starting...
INFO  2026-08-19 18:18:15.412 #39352 [-smarthttp-16][*][c.z.h.HikariDataSource]: 
permission-plugin - Start completed.
INFO  2026-08-19 18:18:15.422 #39352 [-smarthttp-16][*][c.z.h.HikariDataSource]: 
permission-plugin - Shutdown initiated...
INFO  2026-08-19 18:18:15.423 #39352 [-smarthttp-16][*][c.z.h.HikariDataSource]: 
permission-plugin - Shutdown completed.
INFO  2026-08-19 18:18:15.430 #39352 [-smarthttp-16][*][c.z.h.HikariDataSource]: 
permission-plugin - Starting...
INFO  2026-08-19 18:18:15.433 #39352 [-smarthttp-16][*][c.z.h.HikariDataSource]: 
permission-plugin - Start completed.
INFO  2026-08-19 18:18:15.443 #39352 [-smarthttp-16][*][c.z.h.HikariDataSource]: 
permission-plugin - Shutdown initiated...
INFO  2026-08-19 18:18:15.443 #39352 [-smarthttp-16][*][c.z.h.HikariDataSource]: 
permission-plugin - Shutdown completed.
INFO  2026-08-19 18:18:15.448 #39352 [-smarthttp-16][*][c.z.h.HikariDataSource]: 
permission-plugin - Starting...
INFO  2026-08-19 18:18:15.454 #39352 [-smarthttp-16][*][c.z.h.HikariDataSource]: 
permission-plugin - Start completed.
INFO  2026-08-19 18:18:15.461 #39352 [-smarthttp-16][*][c.z.h.HikariDataSource]: 
permission-plugin - Shutdown initiated...
INFO  2026-08-19 18:18:15.461 #39352 [-smarthttp-16][*][c.z.h.HikariDataSource]: 
permission-plugin - Shutdown completed.
INFO  2026-08-19 18:18:15.472 #39352 [-smarthttp-16][*][c.z.h.HikariDataSource]: 
permission-plugin - Starting...
INFO  2026-08-19 18:18:15.476 #39352 [-smarthttp-16][*][c.z.h.HikariDataSource]: 
permission-plugin - Start completed.
INFO  2026-08-19 18:18:15.485 #39352 [-smarthttp-16][*][c.z.h.HikariDataSource]: 
permission-plugin - Shutdown initiated...
INFO  2026-08-19 18:18:15.487 #39352 [-smarthttp-16][*][c.z.h.HikariDataSource]: 
permission-plugin - Shutdown completed.
INFO  2026-08-19 18:18:15.495 #39352 [-smarthttp-16][*][c.z.h.HikariDataSource]: 
permission-plugin - Starting...
INFO  2026-08-19 18:18:15.496 #39352 [-smarthttp-16][*][c.z.h.HikariDataSource]: 
permission-plugin - Start completed.
INFO  2026-08-19 18:18:15.507 #39352 [-smarthttp-16][*][c.z.h.HikariDataSource]: 
permission-plugin - Shutdown initiated...
INFO  2026-08-19 18:18:15.507 #39352 [-smarthttp-16][*][c.z.h.HikariDataSource]: 
permission-plugin - Shutdown completed.
INFO  2026-08-19 18:18:15.514 #39352 [-smarthttp-16][*][c.z.h.HikariDataSource]: 
permission-plugin - Starting...
INFO  2026-08-19 18:18:15.516 #39352 [-smarthttp-16][*][c.z.h.HikariDataSource]: 
permission-plugin - Start completed.
INFO  2026-08-19 18:18:15.524 #39352 [-smarthttp-16][*][c.z.h.HikariDataSource]: 
permission-plugin - Shutdown initiated...
INFO  2026-08-19 18:18:15.524 #39352 [-smarthttp-16][*][c.z.h.HikariDataSource]: 
permission-plugin - Shutdown completed.
INFO  2026-08-19 18:18:15.537 #39352 [-smarthttp-16][*][c.z.h.HikariDataSource]: 
permission-plugin - Starting...
INFO  2026-08-19 18:18:15.545 #39352 [-smarthttp-16][*][c.z.h.HikariDataSource]: 
permission-plugin - Start completed.
INFO  2026-08-19 18:18:15.551 #39352 [-smarthttp-16][*][c.z.h.HikariDataSource]: 
permission-plugin - Shutdown initiated...
INFO  2026-08-19 18:18:15.551 #39352 [-smarthttp-16][*][c.z.h.HikariDataSource]: 
permission-plugin - Shutdown completed.
INFO  2026-08-19 18:18:15.561 #39352 [-smarthttp-16][*][c.z.h.HikariDataSource]: 
permission-plugin - Starting...
INFO  2026-08-19 18:18:15.563 #39352 [-smarthttp-16][*][c.z.h.HikariDataSource]: 
permission-plugin - Start completed.
INFO  2026-08-19 18:18:15.572 #39352 [-smarthttp-16][*][c.z.h.HikariDataSource]: 
permission-plugin - Shutdown initiated...
INFO  2026-08-19 18:18:15.573 #39352 [-smarthttp-16][*][c.z.h.HikariDataSource]: 
permission-plugin - Shutdown completed.
INFO  2026-08-19 18:18:15.581 #39352 [-smarthttp-16][*][c.z.h.HikariDataSource]: 
permission-plugin - Starting...
INFO  2026-08-19 18:18:15.584 #39352 [-smarthttp-16][*][c.z.h.HikariDataSource]: 
permission-plugin - Start completed.
INFO  2026-08-19 18:18:15.592 #39352 [-smarthttp-16][*][c.z.h.HikariDataSource]: 
permission-plugin - Shutdown initiated...
INFO  2026-08-19 18:18:15.592 #39352 [-smarthttp-16][*][c.z.h.HikariDataSource]: 
permission-plugin - Shutdown completed.
INFO  2026-08-19 18:18:15.600 #39352 [-smarthttp-16][*][c.z.h.HikariDataSource]: 
permission-plugin - Starting...
INFO  2026-08-19 18:18:15.605 #39352 [-smarthttp-16][*][c.z.h.HikariDataSource]: 
permission-plugin - Start completed.
INFO  2026-08-19 18:18:15.613 #39352 [-smarthttp-16][*][c.z.h.HikariDataSource]: 
permission-plugin - Shutdown initiated...
INFO  2026-08-19 18:18:15.613 #39352 [-smarthttp-16][*][c.z.h.HikariDataSource]: 
permission-plugin - Shutdown completed.
INFO  2026-08-19 18:18:15.622 #39352 [-smarthttp-16][*][c.z.h.HikariDataSource]: 
permission-plugin - Starting...
INFO  2026-08-19 18:18:15.625 #39352 [-smarthttp-16][*][c.z.h.HikariDataSource]: 
permission-plugin - Start completed.
INFO  2026-08-19 18:18:15.632 #39352 [-smarthttp-16][*][c.z.h.HikariDataSource]: 
permission-plugin - Shutdown initiated...
INFO  2026-08-19 18:18:15.633 #39352 [-smarthttp-16][*][c.z.h.HikariDataSource]: 
permission-plugin - Shutdown completed.
INFO  2026-08-19 18:18:15.641 #39352 [-smarthttp-16][*][c.z.h.HikariDataSource]: 
permission-plugin - Starting...
INFO  2026-08-19 18:18:15.645 #39352 [-smarthttp-16][*][c.z.h.HikariDataSource]: 
permission-plugin - Start completed.
INFO  2026-08-19 21:15:10.039 #10076 [-main][*][o.noear.solon.Solon]: 
App: Start loading
INFO  2026-08-19 21:15:10.272 #10076 [-main][*][c.z.h.HikariDataSource]: 
permission-plugin - Starting...
INFO  2026-08-19 21:15:10.558 #10076 [-main][*][c.z.h.HikariDataSource]: 
permission-plugin - Start completed.
INFO  2026-08-19 21:15:10.988 #10076 [-main][*][o.n.s.s.s.i.SmHttpPlugin]: 
solon.connector:main: smarthttp: Started ServerConnector@{HTTP/1.1,[http/1.1]}{http://localhost:18083}
INFO  2026-08-19 21:15:10.989 #10076 [-main][*][o.n.s.s.s.i.SmHttpPlugin]: 
Server:main: smarthttp: Started (smart http 2.5/4.0.6) @78ms
INFO  2026-08-19 21:15:10.989 #10076 [-main][*][o.noear.solon.Solon]: 
App: End loading elapsed=1234ms pid=10076 v=4.0.6
INFO  2026-08-19 21:15:13.438 #10076 [-smarthttp-4][*][c.z.h.HikariDataSource]: 
permission-plugin - Shutdown initiated...
INFO  2026-08-19 21:15:13.440 #10076 [-smarthttp-4][*][c.z.h.HikariDataSource]: 
permission-plugin - Shutdown completed.
INFO  2026-08-19 21:15:13.502 #10076 [-smarthttp-6][*][c.z.h.HikariDataSource]: 
permission-plugin - Starting...
INFO  2026-08-19 21:15:13.506 #10076 [-smarthttp-6][*][c.z.h.HikariDataSource]: 
permission-plugin - Start completed.
INFO  2026-08-19 21:52:08.107 #8380 [-main][*][o.noear.solon.Solon]: 
App: Start loading
INFO  2026-08-19 21:52:08.335 #8380 [-main][*][c.z.h.HikariDataSource]: 
permission-plugin - Starting...
INFO  2026-08-19 21:52:08.528 #8380 [-main][*][c.z.h.HikariDataSource]: 
permission-plugin - Start completed.
INFO  2026-08-19 21:52:09.024 #8380 [-main][*][o.n.s.s.s.i.SmHttpPlugin]: 
solon.connector:main: smarthttp: Started ServerConnector@{HTTP/1.1,[http/1.1]}{http://localhost:8080}
INFO  2026-08-19 21:52:09.026 #8380 [-main][*][o.n.s.s.s.i.SmHttpPlugin]: 
Server:main: smarthttp: Started (smart http 2.5/4.0.6) @129ms
INFO  2026-08-19 21:52:09.026 #8380 [-main][*][o.noear.solon.Solon]: 
App: End loading elapsed=1127ms pid=8380 v=4.0.6
INFO  2026-08-20 00:16:52.595 #9768 [-main][*][o.noear.solon.Solon]: 
App: Start loading
INFO  2026-08-20 00:16:52.831 #9768 [-main][*][c.z.h.HikariDataSource]: 
permission-plugin - Starting...
INFO  2026-08-20 00:16:53.019 #9768 [-main][*][c.z.h.HikariDataSource]: 
permission-plugin - Start completed.
INFO  2026-08-20 00:16:53.550 #9768 [-main][*][o.n.s.s.s.i.SmHttpPlugin]: 
solon.connector:main: smarthttp: Started ServerConnector@{HTTP/1.1,[http/1.1]}{http://localhost:18084}
INFO  2026-08-20 00:16:53.552 #9768 [-main][*][o.n.s.s.s.i.SmHttpPlugin]: 
Server:main: smarthttp: Started (smart http 2.5/4.0.6) @143ms
INFO  2026-08-20 00:16:53.552 #9768 [-main][*][o.noear.solon.Solon]: 
App: End loading elapsed=1875ms pid=9768 v=4.0.6
